Source	Target	Name	Link	HeadwordCount	Version	Date	Etag	Content-Length
afr	deu	afr-deu freedict	https://download.freedict.org/dictionaries/afr-deu/0.3.3/freedict-afr-deu-0.3.3.stardict.tar.xz	3800	0.3.3	Wed, 10 Jan 2024 19:42:04 GMT	14c24-60e9ca02554c4	85028
afr	eng	afr-eng freedict	https://download.freedict.org/dictionaries/afr-eng/0.2.2/freedict-afr-eng-0.2.2.stardict.tar.xz	5129	0.2.2	Wed, 10 Jan 2024 19:42:20 GMT	1905c-60e9ca119c717	102492
ara	eng	ara-eng freedict	https://download.freedict.org/dictionaries/ara-eng/0.6.3/freedict-ara-eng-0.6.3.stardict.tar.xz	52996	0.6.3	Wed, 10 Jan 2024 19:43:57 GMT	e8634-60e9ca6db8984	951860
bre	fra	bre-fra freedict	https://download.freedict.org/dictionaries/bre-fra/0.8.3/freedict-bre-fra-0.8.3.stardict.tar.xz	27034	0.8.3	Wed, 10 Jan 2024 19:44:17 GMT	93e94-60e9ca80ed9a3	605844
cat	eng	cat-eng freedict	https://download.freedict.org/dictionaries/cat-eng/2025.11.23/freedict-cat-eng-2025.11.23.stardict.tar.xz	23590	2025.11.23	Fri, 28 Nov 2025 21:26:16 GMT	d4500-644ae479538d1	869632
cat	fin	cat-fin freedict	https://download.freedict.org/dictionaries/cat-fin/2025.11.23/freedict-cat-fin-2025.11.23.stardict.tar.xz	10395	2025.11.23	Fri, 28 Nov 2025 21:30:41 GMT	65e10-644ae57644932	417296
cat	fra	cat-fra freedict	https://download.freedict.org/dictionaries/cat-fra/2025.11.23/freedict-cat-fra-2025.11.23.stardict.tar.xz	21681	2025.11.23	Thu, 12 Feb 2026 09:01:29 GMT	c62d4-64a9cbbfda01e	811732
cat	ita	cat-ita freedict	https://download.freedict.org/dictionaries/cat-ita/2025.11.23/freedict-cat-ita-2025.11.23.stardict.tar.xz	13087	2025.11.23	Thu, 12 Feb 2026 09:02:43 GMT	7dc50-64a9cc060506a	515152
cat	pol	cat-pol freedict	https://download.freedict.org/dictionaries/cat-pol/2025.11.23/freedict-cat-pol-2025.11.23.stardict.tar.xz	10008	2025.11.23	Thu, 12 Feb 2026 09:02:02 GMT	62854-64a9cbdf30868	403540
cat	por	cat-por freedict	https://download.freedict.org/dictionaries/cat-por/2025.11.23/freedict-cat-por-2025.11.23.stardict.tar.xz	11855	2025.11.23	Thu, 12 Feb 2026 09:00:36 GMT	707f8-64a9cb8d748c8	460792
cat	rus	cat-rus freedict	https://download.freedict.org/dictionaries/cat-rus/2025.11.23/freedict-cat-rus-2025.11.23.stardict.tar.xz	10390	2025.11.23	Thu, 12 Feb 2026 08:57:59 GMT	6a564-64a9caf7ea0dd	435556
cat	spa	cat-spa freedict	https://download.freedict.org/dictionaries/cat-spa/2025.11.23/freedict-cat-spa-2025.11.23.stardict.tar.xz	27177	2025.11.23	Thu, 12 Feb 2026 08:57:34 GMT	f4b84-64a9cadfdbcfb	1002372
ces	bul	ces-bul freedict	https://download.freedict.org/dictionaries/ces-bul/2025.11.23/freedict-ces-bul-2025.11.23.stardict.tar.xz	16621	2025.11.23	Thu, 12 Feb 2026 08:56:39 GMT	a07b4-64a9caab602de	657332
ces	cat	ces-cat freedict	https://download.freedict.org/dictionaries/ces-cat/2025.11.23/freedict-ces-cat-2025.11.23.stardict.tar.xz	17052	2025.11.23	Thu, 12 Feb 2026 08:36:06 GMT	9eb24-64a9c6133ffde	650020
ces	dan	ces-dan freedict	https://download.freedict.org/dictionaries/ces-dan/2025.11.23/freedict-ces-dan-2025.11.23.stardict.tar.xz	15663	2025.11.23	Thu, 12 Feb 2026 08:35:21 GMT	92bc4-64a9c5e87f929	601028
ces	deu	ces-deu freedict	https://download.freedict.org/dictionaries/ces-deu/2025.11.23/freedict-ces-deu-2025.11.23.stardict.tar.xz	17730	2025.11.23	Thu, 12 Feb 2026 08:34:38 GMT	af5ac-64a9c5bfc2c84	718252
ces	eng	ces-eng freedict	https://download.freedict.org/dictionaries/ces-eng/0.2.3/freedict-ces-eng-0.2.3.stardict.tar.xz	488	0.2.3	Wed, 10 Jan 2024 19:49:18 GMT	414c-60e9cb9f85fec	16716
ces	fin	ces-fin freedict	https://download.freedict.org/dictionaries/ces-fin/2025.11.23/freedict-ces-fin-2025.11.23.stardict.tar.xz	10505	2025.11.23	Thu, 12 Feb 2026 08:33:51 GMT	68d28-64a9c592387d7	429352
ces	fra	ces-fra freedict	https://download.freedict.org/dictionaries/ces-fra/2025.11.23/freedict-ces-fra-2025.11.23.stardict.tar.xz	15265	2025.11.23	Thu, 12 Feb 2026 08:33:19 GMT	9a49c-64a9c57423426	631964
ces	gle	ces-gle freedict	https://download.freedict.org/dictionaries/ces-gle/2025.11.23/freedict-ces-gle-2025.11.23.stardict.tar.xz	12813	2025.11.23	Thu, 12 Feb 2026 08:32:37 GMT	7afbc-64a9c54bcb0e1	503740
ces	ind	ces-ind freedict	https://download.freedict.org/dictionaries/ces-ind/2025.11.23/freedict-ces-ind-2025.11.23.stardict.tar.xz	11792	2025.11.23	Thu, 12 Feb 2026 08:32:00 GMT	7286c-64a9c528e5648	469100
ces	jpn	ces-jpn freedict	https://download.freedict.org/dictionaries/ces-jpn/2025.11.23/freedict-ces-jpn-2025.11.23.stardict.tar.xz	10335	2025.11.23	Thu, 12 Feb 2026 08:23:39 GMT	6b2bc-64a9c34a829b0	438972
ces	nld	ces-nld freedict	https://download.freedict.org/dictionaries/ces-nld/2025.11.23/freedict-ces-nld-2025.11.23.stardict.tar.xz	10383	2025.11.23	Thu, 12 Feb 2026 08:23:07 GMT	67db8-64a9c32c8aaaf	425400
ces	nor	ces-nor freedict	https://download.freedict.org/dictionaries/ces-nor/2025.11.23/freedict-ces-nor-2025.11.23.stardict.tar.xz	11164	2025.11.23	Thu, 12 Feb 2026 08:22:36 GMT	6b64c-64a9c30e8414c	439884
ces	pol	ces-pol freedict	https://download.freedict.org/dictionaries/ces-pol/2025.11.23/freedict-ces-pol-2025.11.23.stardict.tar.xz	10396	2025.11.23	Thu, 12 Feb 2026 08:22:03 GMT	68148-64a9c2ef5c6dd	426312
ces	por	ces-por freedict	https://download.freedict.org/dictionaries/ces-por/2025.11.23/freedict-ces-por-2025.11.23.stardict.tar.xz	16783	2025.11.23	Thu, 12 Feb 2026 08:21:31 GMT	9dd9c-64a9c2d11c395	646556
ces	rus	ces-rus freedict	https://download.freedict.org/dictionaries/ces-rus/2025.11.23/freedict-ces-rus-2025.11.23.stardict.tar.xz	10296	2025.11.23	Thu, 12 Feb 2026 08:20:47 GMT	694bc-64a9c2a6a40fe	431292
ces	spa	ces-spa freedict	https://download.freedict.org/dictionaries/ces-spa/2025.11.23/freedict-ces-spa-2025.11.23.stardict.tar.xz	12308	2025.11.23	Thu, 12 Feb 2026 08:20:15 GMT	78874-64a9c2883ec04	493684
ces	swe	ces-swe freedict	https://download.freedict.org/dictionaries/ces-swe/2025.11.23/freedict-ces-swe-2025.11.23.stardict.tar.xz	11455	2025.11.23	Thu, 12 Feb 2026 08:19:39 GMT	70420-64a9c26683eb3	459808
ces	tur	ces-tur freedict	https://download.freedict.org/dictionaries/ces-tur/2025.11.23/freedict-ces-tur-2025.11.23.stardict.tar.xz	15465	2025.11.23	Thu, 12 Feb 2026 08:19:06 GMT	92cec-64a9c246902af	601324
ckb	kmr	ckb-kmr freedict	https://download.freedict.org/dictionaries/ckb-kmr/0.2/freedict-ckb-kmr-0.2.stardict.tar.xz	7845	0.2	Wed, 10 Jan 2024 19:49:37 GMT	30720-60e9cbb2007a9	198432
cym	eng	cym-eng freedict	https://download.freedict.org/dictionaries/cym-eng/0.2.3/freedict-cym-eng-0.2.3.stardict.tar.xz	12630	0.2.3	Wed, 10 Jan 2024 19:50:00 GMT	2ce44-60e9cbc7c9a50	183876
dan	eng	dan-eng freedict	https://download.freedict.org/dictionaries/dan-eng/0.3.1/freedict-dan-eng-0.3.1.stardict.tar.xz	5097	0.3.1	Wed, 10 Jan 2024 19:50:17 GMT	1958c-60e9cbd828165	103820
deu	bul	deu-bul freedict	https://download.freedict.org/dictionaries/deu-bul/2025.11.23/freedict-deu-bul-2025.11.23.stardict.tar.xz	10557	2025.11.23	Thu, 12 Feb 2026 08:18:24 GMT	939e8-64a9c21ec87e9	604648
deu	cat	deu-cat freedict	https://download.freedict.org/dictionaries/deu-cat/2025.11.23/freedict-deu-cat-2025.11.23.stardict.tar.xz	15227	2025.11.23	Thu, 12 Feb 2026 08:17:59 GMT	d7c90-64a9c207085e5	883856
deu	ces	deu-ces freedict	https://download.freedict.org/dictionaries/deu-ces/2025.11.23/freedict-deu-ces-2025.11.23.stardict.tar.xz	19866	2025.11.23	Thu, 12 Feb 2026 08:17:26 GMT	113ee8-64a9c1e72b13c	1130216
deu	dan	deu-dan freedict	https://download.freedict.org/dictionaries/deu-dan/2025.11.23/freedict-deu-dan-2025.11.23.stardict.tar.xz	12645	2025.11.23	Thu, 12 Feb 2026 08:16:42 GMT	acd00-64a9c1bd7159c	707840
deu	ell	deu-ell freedict	https://download.freedict.org/dictionaries/deu-ell/2025.11.23/freedict-deu-ell-2025.11.23.stardict.tar.xz	10792	2025.11.23	Thu, 12 Feb 2026 08:16:15 GMT	9ee8c-64a9c1a37011f	650892
deu	eng	deu-eng freedict	https://download.freedict.org/dictionaries/deu-eng/1.9-fd1/freedict-deu-eng-1.9-fd1.stardict.tar.xz	517534	1.9-fd1	Wed, 10 Jan 2024 20:00:14 GMT	22bf84c-60e9ce12054ee	36436044
deu	fin	deu-fin freedict	https://download.freedict.org/dictionaries/deu-fin/2025.11.23/freedict-deu-fin-2025.11.23.stardict.tar.xz	13028	2025.11.23	Thu, 12 Feb 2026 08:15:49 GMT	b460c-64a9c18a3ecc7	738828
deu	fra	deu-fra freedict	https://download.freedict.org/dictionaries/deu-fra/2025.11.23/freedict-deu-fra-2025.11.23.stardict.tar.xz	59631	2025.11.23	Thu, 12 Feb 2026 08:05:33 GMT	2f220c-64a9bf3f3a2cd	3088908
deu	gle	deu-gle freedict	https://download.freedict.org/dictionaries/deu-gle/2025.11.23/freedict-deu-gle-2025.11.23.stardict.tar.xz	13246	2025.11.23	Thu, 12 Feb 2026 08:01:13 GMT	acdc4-64a9be46f804b	708036
deu	ind	deu-ind freedict	https://download.freedict.org/dictionaries/deu-ind/2025.11.23/freedict-deu-ind-2025.11.23.stardict.tar.xz	10131	2025.11.23	Thu, 12 Feb 2026 08:00:44 GMT	8df00-64a9be2b6e2a3	581376
deu	ita	deu-ita freedict	https://download.freedict.org/dictionaries/deu-ita/0.2.1/freedict-deu-ita-0.2.1.stardict.tar.xz	4443	0.2.1	Wed, 10 Jan 2024 19:50:37 GMT	11c4c-60e9cbeb5b244	72780
deu	jpn	deu-jpn freedict	https://download.freedict.org/dictionaries/deu-jpn/2025.11.23/freedict-deu-jpn-2025.11.23.stardict.tar.xz	10203	2025.11.23	Thu, 12 Feb 2026 08:00:19 GMT	954e0-64a9be143e934	611552
deu	kur	deu-kur freedict	https://download.freedict.org/dictionaries/deu-kur/0.2.2/freedict-deu-kur-0.2.2.stardict.tar.xz	22567	0.2.2	Wed, 10 Jan 2024 19:51:07 GMT	3f848-60e9cc0840a03	260168
deu	lit	deu-lit freedict	https://download.freedict.org/dictionaries/deu-lit/2024.10.10/freedict-deu-lit-2024.10.10.stardict.tar.xz	10282	2024.10.10	Fri, 11 Oct 2024 13:21:23 GMT	be108-624335d0bd40b	778504
deu	nld	deu-nld freedict	https://download.freedict.org/dictionaries/deu-nld/0.1.5/freedict-deu-nld-0.1.5.stardict.tar.xz	12784	0.1.5	Wed, 10 Jan 2024 19:51:37 GMT	4c830-60e9cc24a91c0	313392
deu	pol	deu-pol freedict	https://download.freedict.org/dictionaries/deu-pol/2025.11.23/freedict-deu-pol-2025.11.23.stardict.tar.xz	23168	2025.11.23	Thu, 12 Feb 2026 07:59:53 GMT	13de04-64a9bdfb73d8f	1302020
deu	por	deu-por freedict	https://download.freedict.org/dictionaries/deu-por/0.2.3/freedict-deu-por-0.2.3.stardict.tar.xz	8722	0.2.3	Wed, 10 Jan 2024 19:51:57 GMT	2c9dc-60e9cc37b41fe	182748
deu	rus	deu-rus freedict	https://download.freedict.org/dictionaries/deu-rus/2025.11.23/freedict-deu-rus-2025.11.23.stardict.tar.xz	26809	2025.11.23	Thu, 12 Feb 2026 07:58:57 GMT	169f9c-64a9bdc5f94ff	1482652
deu	spa	deu-spa freedict	https://download.freedict.org/dictionaries/deu-spa/2025.11.23/freedict-deu-spa-2025.11.23.stardict.tar.xz	36744	2025.11.23	Thu, 12 Feb 2026 07:57:45 GMT	1e188c-64a9bd80d0187	1972364
deu	swe	deu-swe freedict	https://download.freedict.org/dictionaries/deu-swe/2025.11.23/freedict-deu-swe-2025.11.23.stardict.tar.xz	46539	2025.11.23	Thu, 12 Feb 2026 07:55:50 GMT	25f414-64a9bd13027df	2487316
deu	tur	deu-tur freedict	https://download.freedict.org/dictionaries/deu-tur/0.2.2/freedict-deu-tur-0.2.2.stardict.tar.xz	36219	0.2.2	Wed, 10 Jan 2024 19:52:57 GMT	6a4bc-60e9cc70d52b9	435388
ell	bul	ell-bul freedict	https://download.freedict.org/dictionaries/ell-bul/2025.11.23/freedict-ell-bul-2025.11.23.stardict.tar.xz	12979	2025.11.23	Thu, 12 Feb 2026 07:52:51 GMT	5c7f4-64a9bc6879c30	378868
ell	cat	ell-cat freedict	https://download.freedict.org/dictionaries/ell-cat/2025.11.23/freedict-ell-cat-2025.11.23.stardict.tar.xz	14414	2025.11.23	Thu, 12 Feb 2026 07:52:07 GMT	5fec4-64a9bc3ead7d7	392900
ell	ces	ell-ces freedict	https://download.freedict.org/dictionaries/ell-ces/2025.11.23/freedict-ell-ces-2025.11.23.stardict.tar.xz	11884	2025.11.23	Thu, 12 Feb 2026 07:51:30 GMT	546a0-64a9bc1b956b3	345760
ell	dan	ell-dan freedict	https://download.freedict.org/dictionaries/ell-dan/2025.11.23/freedict-ell-dan-2025.11.23.stardict.tar.xz	11739	2025.11.23	Thu, 12 Feb 2026 07:50:59 GMT	513d4-64a9bbfe1c6fc	332756
ell	deu	ell-deu freedict	https://download.freedict.org/dictionaries/ell-deu/2025.11.23/freedict-ell-deu-2025.11.23.stardict.tar.xz	11417	2025.11.23	Thu, 12 Feb 2026 07:50:31 GMT	56a6c-64a9bbe2f14d7	354924
ell	eng	ell-eng freedict	https://download.freedict.org/dictionaries/ell-eng/2025.11.23/freedict-ell-eng-2025.11.23.stardict.tar.xz	41714	2025.11.23	Thu, 12 Feb 2026 07:50:00 GMT	117110-64a9bbc5aa200	1143056
ell	fin	ell-fin freedict	https://download.freedict.org/dictionaries/ell-fin/2025.11.23/freedict-ell-fin-2025.11.23.stardict.tar.xz	13556	2025.11.23	Thu, 12 Feb 2026 07:48:28 GMT	5ee0c-64a9bb6d8f414	388620
ell	fra	ell-fra freedict	https://download.freedict.org/dictionaries/ell-fra/2025.11.23/freedict-ell-fra-2025.11.23.stardict.tar.xz	32246	2025.11.23	Thu, 12 Feb 2026 07:47:56 GMT	d5314-64a9bb4f5ead2	873236
ell	gle	ell-gle freedict	https://download.freedict.org/dictionaries/ell-gle/2025.11.23/freedict-ell-gle-2025.11.23.stardict.tar.xz	19124	2025.11.23	Thu, 12 Feb 2026 07:46:45 GMT	7ca64-64a9bb0bba20e	510564
ell	ind	ell-ind freedict	https://download.freedict.org/dictionaries/ell-ind/2025.11.23/freedict-ell-ind-2025.11.23.stardict.tar.xz	18161	2025.11.23	Thu, 12 Feb 2026 07:46:04 GMT	74928-64a9bae4afe7d	477480
ell	ita	ell-ita freedict	https://download.freedict.org/dictionaries/ell-ita/2024.10.10/freedict-ell-ita-2024.10.10.stardict.tar.xz	11318	2024.10.10	Fri, 11 Oct 2024 13:29:01 GMT	54d4c-624337855721a	347468
ell	jpn	ell-jpn freedict	https://download.freedict.org/dictionaries/ell-jpn/2025.11.23/freedict-ell-jpn-2025.11.23.stardict.tar.xz	12751	2025.11.23	Thu, 12 Feb 2026 07:45:24 GMT	5c018-64a9babeb4314	376856
ell	lat	ell-lat freedict	https://download.freedict.org/dictionaries/ell-lat/2022.04.06/freedict-ell-lat-2022.04.06.stardict.tar.xz	13060	2022.04.06	Wed, 10 Jan 2024 21:33:15 GMT	3f220-60e9e2dc3a8da	258592
ell	lit	ell-lit freedict	https://download.freedict.org/dictionaries/ell-lit/2025.11.23/freedict-ell-lit-2025.11.23.stardict.tar.xz	14575	2025.11.23	Thu, 12 Feb 2026 07:44:50 GMT	5ffe4-64a9ba9d98894	393188
ell	nld	ell-nld freedict	https://download.freedict.org/dictionaries/ell-nld/2025.11.23/freedict-ell-nld-2025.11.23.stardict.tar.xz	12236	2025.11.23	Thu, 12 Feb 2026 07:44:15 GMT	5663c-64a9ba7c925d4	353852
ell	nor	ell-nor freedict	https://download.freedict.org/dictionaries/ell-nor/2025.11.23/freedict-ell-nor-2025.11.23.stardict.tar.xz	11103	2025.11.23	Thu, 12 Feb 2026 07:43:44 GMT	4b794-64a9ba5f00f70	309140
ell	pol	ell-pol freedict	https://download.freedict.org/dictionaries/ell-pol/2022.11.18/freedict-ell-pol-2022.11.18.stardict.tar.xz	12358	2022.11.18	Thu, 11 Jan 2024 20:41:40 GMT	4ad44-60eb1931ccebf	306500
ell	por	ell-por freedict	https://download.freedict.org/dictionaries/ell-por/2025.11.23/freedict-ell-por-2025.11.23.stardict.tar.xz	13929	2025.11.23	Thu, 12 Feb 2026 07:43:16 GMT	5fa80-64a9ba4467567	391808
ell	rus	ell-rus freedict	https://download.freedict.org/dictionaries/ell-rus/2024.10.10/freedict-ell-rus-2024.10.10.stardict.tar.xz	14709	2024.10.10	Fri, 11 Oct 2024 12:16:45 GMT	753a8-6243275eb120d	480168
ell	spa	ell-spa freedict	https://download.freedict.org/dictionaries/ell-spa/2023.05.29/freedict-ell-spa-2023.05.29.stardict.tar.xz	10702	2023.05.29	Fri, 05 Jan 2024 12:56:57 GMT	425a4-60e32621e51ee	271780
ell	swe	ell-swe freedict	https://download.freedict.org/dictionaries/ell-swe/2025.11.23/freedict-ell-swe-2025.11.23.stardict.tar.xz	12411	2025.11.23	Thu, 12 Feb 2026 07:42:43 GMT	56790-64a9ba2441c6b	354192
ell	tur	ell-tur freedict	https://download.freedict.org/dictionaries/ell-tur/2025.11.23/freedict-ell-tur-2025.11.23.stardict.tar.xz	10277	2025.11.23	Thu, 12 Feb 2026 07:42:11 GMT	4a488-64a9ba0645ee1	304264
eng	afr	eng-afr freedict	https://download.freedict.org/dictionaries/eng-afr/0.1.3/freedict-eng-afr-0.1.3.stardict.tar.xz	6397	0.1.3	Wed, 10 Jan 2024 19:53:17 GMT	1a548-60e9cc8443cb8	107848
eng	ara	eng-ara freedict	https://download.freedict.org/dictionaries/eng-ara/0.6.3/freedict-eng-ara-0.6.3.stardict.tar.xz	87424	0.6.3	Wed, 10 Jan 2024 19:55:14 GMT	11b69c-60e9ccf36ede4	1160860
eng	bul	eng-bul freedict	https://download.freedict.org/dictionaries/eng-bul/2025.11.23/freedict-eng-bul-2025.11.23.stardict.tar.xz	37030	2025.11.23	Thu, 12 Feb 2026 07:41:43 GMT	261100-64a9b9ebdb2d6	2494720
eng	cat	eng-cat freedict	https://download.freedict.org/dictionaries/eng-cat/2025.11.23/freedict-eng-cat-2025.11.23.stardict.tar.xz	35163	2025.11.23	Thu, 12 Feb 2026 07:38:58 GMT	20b530-64a9b94e6b1ea	2143536
eng	ces	eng-ces freedict	https://download.freedict.org/dictionaries/eng-ces/0.1.3/freedict-eng-ces-0.1.3.stardict.tar.xz	150004	0.1.3	Wed, 10 Jan 2024 19:58:17 GMT	1e5cb0-60e9cda251840	1989808
eng	cym	eng-cym freedict	https://download.freedict.org/dictionaries/eng-cym/0.2.3/freedict-eng-cym-0.2.3.stardict.tar.xz	12630	0.2.3	Wed, 10 Jan 2024 19:58:38 GMT	2d1d0-60e9cdb62e7e1	184784
eng	dan	eng-dan freedict	https://download.freedict.org/dictionaries/eng-dan/0.1.0/freedict-eng-dan-0.1.0.stardict.tar.xz	411	0.1.0	Wed, 10 Jan 2024 19:58:57 GMT	3e20-60e9cdc84751c	15904
eng	deu	eng-deu freedict	https://download.freedict.org/dictionaries/eng-deu/1.9-fd1/freedict-eng-deu-1.9-fd1.stardict.tar.xz	460315	1.9-fd1	Wed, 10 Jan 2024 19:54:43 GMT	19a1d00-60e9ccd5a1f03	26877184
eng	ell	eng-ell freedict	https://download.freedict.org/dictionaries/eng-ell/0.1.1/freedict-eng-ell-0.1.1.stardict.tar.xz	20973	0.1.1	Wed, 10 Jan 2024 19:59:26 GMT	5e938-60e9cde431d38	387384
eng	fin	eng-fin freedict	https://download.freedict.org/dictionaries/eng-fin/2025.11.23/freedict-eng-fin-2025.11.23.stardict.tar.xz	75586	2025.11.23	Wed, 11 Feb 2026 21:31:13 GMT	4c8e1c-64a93176229c6	5017116
eng	fra	eng-fra freedict	https://download.freedict.org/dictionaries/eng-fra/0.1.6/freedict-eng-fra-0.1.6.stardict.tar.xz	8799	0.1.6	Wed, 10 Jan 2024 19:59:37 GMT	35750-60e9cdee671d9	218960
eng	gle	eng-gle freedict	https://download.freedict.org/dictionaries/eng-gle/0.3.2/freedict-eng-gle-0.3.2.stardict.tar.xz	1359	0.3.2	Wed, 10 Jan 2024 19:59:57 GMT	90f8-60e9ce01bc598	37112
eng	hin	eng-hin freedict	https://download.freedict.org/dictionaries/eng-hin/1.6/freedict-eng-hin-1.6.stardict.tar.xz	25642	1.6	Wed, 10 Jan 2024 20:00:44 GMT	153adc-60e9ce2e1ac89	1391324
eng	hrv	eng-hrv freedict	https://download.freedict.org/dictionaries/eng-hrv/0.2.2/freedict-eng-hrv-0.2.2.stardict.tar.xz	59194	0.2.2	Wed, 10 Jan 2024 20:02:14 GMT	158a58-60e9ce8465ac4	1411672
eng	hun	eng-hun freedict	https://download.freedict.org/dictionaries/eng-hun/0.2.1/freedict-eng-hun-0.2.1.stardict.tar.xz	89679	0.2.1	Wed, 10 Jan 2024 20:04:38 GMT	29605c-60e9cf0d23a43	2711644
eng	ind	eng-ind freedict	https://download.freedict.org/dictionaries/eng-ind/2025.11.23/freedict-eng-ind-2025.11.23.stardict.tar.xz	15262	2025.11.23	Wed, 11 Feb 2026 21:20:48 GMT	fe964-64a92f21f7fb8	1042788
eng	ita	eng-ita freedict	https://download.freedict.org/dictionaries/eng-ita/2025.11.23/freedict-eng-ita-2025.11.23.stardict.tar.xz	53258	2025.11.23	Wed, 11 Feb 2026 21:19:58 GMT	307c14-64a92ef2c1edc	3177492
eng	jpn	eng-jpn freedict	https://download.freedict.org/dictionaries/eng-jpn/2025.11.23/freedict-eng-jpn-2025.11.23.stardict.tar.xz	38419	2025.11.23	Wed, 11 Feb 2026 21:15:16 GMT	2611f4-64a92de5c6e13	2494964
eng	kur	eng-kur freedict	https://download.freedict.org/dictionaries/eng-kur/2025.11.23/freedict-eng-kur-2025.11.23.stardict.tar.xz	10011	2025.11.23	Wed, 11 Feb 2026 20:13:33 GMT	a03c8-64a9201a70840	656328
eng	lat	eng-lat freedict	https://download.freedict.org/dictionaries/eng-lat/0.1.2/freedict-eng-lat-0.1.2.stardict.tar.xz	3026	0.1.2	Wed, 10 Jan 2024 20:05:17 GMT	1166c-60e9cf3306e3f	71276
eng	lit	eng-lit freedict	https://download.freedict.org/dictionaries/eng-lit/0.7.2/freedict-eng-lit-0.7.2.stardict.tar.xz	6255	0.7.2	Wed, 10 Jan 2024 20:05:37 GMT	478b8-60e9cf45f1add	293048
eng	nld	eng-nld freedict	https://download.freedict.org/dictionaries/eng-nld/0.2/freedict-eng-nld-0.2.stardict.tar.xz	7714	0.2	Wed, 10 Jan 2024 20:05:57 GMT	3cb4c-60e9cf5919fdc	248652
eng	nor	eng-nor freedict	https://download.freedict.org/dictionaries/eng-nor/2025.11.23/freedict-eng-nor-2025.11.23.stardict.tar.xz	11427	2025.11.23	Wed, 11 Feb 2026 20:01:51 GMT	c1218-64a91d7d308df	791064
eng	pol	eng-pol freedict	https://download.freedict.org/dictionaries/eng-pol/0.2.1/freedict-eng-pol-0.2.1.stardict.tar.xz	16362	0.2.1	Sat, 12 Oct 2024 18:33:04 GMT	497b0-6244bd598966d	300976
eng	por	eng-por freedict	https://download.freedict.org/dictionaries/eng-por/0.3/freedict-eng-por-0.3.stardict.tar.xz	15766	0.3	Wed, 10 Jan 2024 20:06:37 GMT	5da4c-60e9cf7f0fcb8	383564
eng	rom	eng-rom freedict	https://download.freedict.org/dictionaries/eng-rom/0.6.3/freedict-eng-rom-0.6.3.stardict.tar.xz	990	0.6.3	Wed, 10 Jan 2024 20:06:57 GMT	6ccc-60e9cf9266017	27852
eng	rus	eng-rus freedict	https://download.freedict.org/dictionaries/eng-rus/2025.11.23/freedict-eng-rus-2025.11.23.stardict.tar.xz	62181	2025.11.23	Wed, 11 Feb 2026 20:00:48 GMT	3f4870-64a91d4085324	4147312
eng	spa	eng-spa freedict	https://download.freedict.org/dictionaries/eng-spa/2025.11.23/freedict-eng-spa-2025.11.23.stardict.tar.xz	64258	2025.11.23	Wed, 11 Feb 2026 19:54:06 GMT	3c8f1c-64a91bc1a2e7e	3968796
eng	srp	eng-srp freedict	https://download.freedict.org/dictionaries/eng-srp/0.1.3/freedict-eng-srp-0.1.3.stardict.tar.xz	590	0.1.3	Wed, 10 Jan 2024 20:07:58 GMT	4ff0-60e9cfcbcf504	20464
eng	swe	eng-swe freedict	https://download.freedict.org/dictionaries/eng-swe/2025.11.23/freedict-eng-swe-2025.11.23.stardict.tar.xz	44077	2025.11.23	Wed, 11 Feb 2026 19:48:01 GMT	2a2800-64a91a64d43b1	2762752
eng	swh	eng-swh freedict	https://download.freedict.org/dictionaries/eng-swh/0.2.2/freedict-eng-swh-0.2.2.stardict.tar.xz	1450	0.2.2	Wed, 10 Jan 2024 20:08:17 GMT	67bc-60e9cfde9115d	26556
eng	tur	eng-tur freedict	https://download.freedict.org/dictionaries/eng-tur/0.3/freedict-eng-tur-0.3.stardict.tar.xz	36589	0.3	Wed, 10 Jan 2024 20:09:18 GMT	2081b8-60e9d017ecb8b	2130360
eng	zho	eng-zho freedict	https://download.freedict.org/dictionaries/eng-zho/2025.11.23/freedict-eng-zho-2025.11.23.stardict.tar.xz	26660	2025.11.23	Wed, 11 Feb 2026 19:15:42 GMT	198370-64a9132bdec59	1672048
epo	eng	epo-eng freedict	https://download.freedict.org/dictionaries/epo-eng/1.0.1/freedict-epo-eng-1.0.1.stardict.tar.xz	63477	1.0.1	Thu, 11 Jan 2024 20:44:49 GMT	18f120-60eb19e5abf71	1634592
fin	bul	fin-bul freedict	https://download.freedict.org/dictionaries/fin-bul/2025.11.23/freedict-fin-bul-2025.11.23.stardict.tar.xz	16253	2025.11.23	Wed, 11 Feb 2026 19:14:00 GMT	cfd04-64a912ca8eae3	851204
fin	cat	fin-cat freedict	https://download.freedict.org/dictionaries/fin-cat/2025.11.23/freedict-fin-cat-2025.11.23.stardict.tar.xz	21862	2025.11.23	Wed, 11 Feb 2026 19:12:34 GMT	107ed0-64a91278aeaf1	1081040
fin	ces	fin-ces freedict	https://download.freedict.org/dictionaries/fin-ces/2025.11.23/freedict-fin-ces-2025.11.23.stardict.tar.xz	12477	2025.11.23	Wed, 11 Feb 2026 19:11:18 GMT	a265c-64a91230b1f89	665180
fin	dan	fin-dan freedict	https://download.freedict.org/dictionaries/fin-dan/2025.11.23/freedict-fin-dan-2025.11.23.stardict.tar.xz	14080	2025.11.23	Wed, 11 Feb 2026 19:10:26 GMT	b3004-64a911fe43d5c	733188
fin	deu	fin-deu freedict	https://download.freedict.org/dictionaries/fin-deu/2025.11.23/freedict-fin-deu-2025.11.23.stardict.tar.xz	12102	2025.11.23	Wed, 11 Feb 2026 19:09:28 GMT	a94a4-64a911c717dc0	693412
fin	ell	fin-ell freedict	https://download.freedict.org/dictionaries/fin-ell/2025.11.23/freedict-fin-ell-2025.11.23.stardict.tar.xz	19398	2025.11.23	Wed, 11 Feb 2026 19:08:32 GMT	f39f8-64a91192522bc	997880
fin	eng	fin-eng freedict	https://download.freedict.org/dictionaries/fin-eng/2025.11.23/freedict-fin-eng-2025.11.23.stardict.tar.xz	42060	2025.11.23	Wed, 11 Feb 2026 19:07:07 GMT	1da83c-64a911408bbd4	1943612
fin	fra	fin-fra freedict	https://download.freedict.org/dictionaries/fin-fra/2025.11.23/freedict-fin-fra-2025.11.23.stardict.tar.xz	12019	2025.11.23	Wed, 11 Feb 2026 19:03:43 GMT	a2894-64a9107e8d809	665748
fin	gle	fin-gle freedict	https://download.freedict.org/dictionaries/fin-gle/2025.11.23/freedict-fin-gle-2025.11.23.stardict.tar.xz	15633	2025.11.23	Wed, 11 Feb 2026 19:01:03 GMT	c4200-64a90fe63816e	803328
fin	ind	fin-ind freedict	https://download.freedict.org/dictionaries/fin-ind/2025.11.23/freedict-fin-ind-2025.11.23.stardict.tar.xz	14025	2025.11.23	Wed, 11 Feb 2026 11:53:34 GMT	b3a98-64a8b0595b8ac	735896
fin	ita	fin-ita freedict	https://download.freedict.org/dictionaries/fin-ita/2025.11.23/freedict-fin-ita-2025.11.23.stardict.tar.xz	14843	2025.11.23	Wed, 11 Feb 2026 11:52:46 GMT	bf770-64a8b02ac0c76	784240
fin	jpn	fin-jpn freedict	https://download.freedict.org/dictionaries/fin-jpn/2025.11.23/freedict-fin-jpn-2025.11.23.stardict.tar.xz	14742	2025.11.23	Wed, 11 Feb 2026 11:51:51 GMT	c2afc-64a8aff70e4c1	797436
fin	lat	fin-lat freedict	https://download.freedict.org/dictionaries/fin-lat/2025.11.23/freedict-fin-lat-2025.11.23.stardict.tar.xz	10980	2025.11.23	Wed, 11 Feb 2026 11:50:52 GMT	8c5d8-64a8afbedb780	574936
fin	lit	fin-lit freedict	https://download.freedict.org/dictionaries/fin-lit/2025.11.23/freedict-fin-lit-2025.11.23.stardict.tar.xz	12962	2025.11.23	Wed, 11 Feb 2026 11:50:07 GMT	a3b08-64a8af93d2c8c	670472
fin	nld	fin-nld freedict	https://download.freedict.org/dictionaries/fin-nld/2025.11.23/freedict-fin-nld-2025.11.23.stardict.tar.xz	14158	2025.11.23	Wed, 11 Feb 2026 11:49:16 GMT	b6bbc-64a8af635d6b2	748476
fin	nor	fin-nor freedict	https://download.freedict.org/dictionaries/fin-nor/2025.11.23/freedict-fin-nor-2025.11.23.stardict.tar.xz	14350	2025.11.23	Wed, 11 Feb 2026 11:48:07 GMT	b219c-64a8af20c37d3	729500
fin	pol	fin-pol freedict	https://download.freedict.org/dictionaries/fin-pol/2025.11.23/freedict-fin-pol-2025.11.23.stardict.tar.xz	15057	2025.11.23	Wed, 11 Feb 2026 11:47:09 GMT	c296c-64a8aee9e57d9	797036
fin	por	fin-por freedict	https://download.freedict.org/dictionaries/fin-por/2025.11.23/freedict-fin-por-2025.11.23.stardict.tar.xz	14591	2025.11.23	Wed, 11 Feb 2026 11:46:07 GMT	bca60-64a8aeae66eaa	772704
fin	spa	fin-spa freedict	https://download.freedict.org/dictionaries/fin-spa/2025.11.23/freedict-fin-spa-2025.11.23.stardict.tar.xz	10568	2025.11.23	Wed, 11 Feb 2026 11:45:08 GMT	912b0-64a8ae7613e03	594608
fin	swe	fin-swe freedict	https://download.freedict.org/dictionaries/fin-swe/2025.11.23/freedict-fin-swe-2025.11.23.stardict.tar.xz	17229	2025.11.23	Wed, 11 Feb 2026 11:44:20 GMT	e2c94-64a8ae4855d74	928916
fin	tur	fin-tur freedict	https://download.freedict.org/dictionaries/fin-tur/2025.11.23/freedict-fin-tur-2025.11.23.stardict.tar.xz	10317	2025.11.23	Wed, 11 Feb 2026 11:43:19 GMT	8dadc-64a8ae0e09eca	580316
fra	bre	fra-bre freedict	https://download.freedict.org/dictionaries/fra-bre/0.2.7/freedict-fra-bre-0.2.7.stardict.tar.xz	36017	0.2.7	Wed, 10 Jan 2024 20:10:38 GMT	945b8-60e9d0648df72	607672
fra	bul	fra-bul freedict	https://download.freedict.org/dictionaries/fra-bul/2023.05.29/freedict-fra-bul-2023.05.29.stardict.tar.xz	17900	2023.05.29	Fri, 05 Jan 2024 13:24:58 GMT	a15fc-60e32c64c0d88	660988
fra	cat	fra-cat freedict	https://download.freedict.org/dictionaries/fra-cat/2025.11.23/freedict-fra-cat-2025.11.23.stardict.tar.xz	23678	2025.11.23	Wed, 11 Feb 2026 11:42:32 GMT	d0220-64a8ade1a0b8c	852512
fra	ces	fra-ces freedict	https://download.freedict.org/dictionaries/fra-ces/2025.11.23/freedict-fra-ces-2025.11.23.stardict.tar.xz	19331	2025.11.23	Wed, 11 Feb 2026 11:41:46 GMT	b04c8-64a8adb5656c7	722120
fra	dan	fra-dan freedict	https://download.freedict.org/dictionaries/fra-dan/2025.11.23/freedict-fra-dan-2025.11.23.stardict.tar.xz	13466	2025.11.23	Wed, 11 Feb 2026 11:41:09 GMT	86208-64a8ad92d1d26	549384
fra	deu	fra-deu freedict	https://download.freedict.org/dictionaries/fra-deu/2025.11.23/freedict-fra-deu-2025.11.23.stardict.tar.xz	48578	2025.11.23	Wed, 11 Feb 2026 11:40:37 GMT	1b94b8-64a8ad738de26	1807544
fra	ell	fra-ell freedict	https://download.freedict.org/dictionaries/fra-ell/2025.11.23/freedict-fra-ell-2025.11.23.stardict.tar.xz	14272	2025.11.23	Wed, 11 Feb 2026 11:38:54 GMT	874ac-64a8ad122d1b7	554156
fra	eng	fra-eng freedict	https://download.freedict.org/dictionaries/fra-eng/0.4.1/freedict-fra-eng-0.4.1.stardict.tar.xz	8505	0.4.1	Wed, 10 Jan 2024 20:10:58 GMT	37548-60e9d0776826c	226632
fra	fin	fra-fin freedict	https://download.freedict.org/dictionaries/fra-fin/2025.11.23/freedict-fra-fin-2025.11.23.stardict.tar.xz	17179	2025.11.23	Wed, 11 Feb 2026 11:38:24 GMT	a256c-64a8acf533215	664940
fra	gle	fra-gle freedict	https://download.freedict.org/dictionaries/fra-gle/2025.11.23/freedict-fra-gle-2025.11.23.stardict.tar.xz	12637	2025.11.23	Wed, 11 Feb 2026 11:37:48 GMT	7d540-64a8acd34594f	513344
fra	ita	fra-ita freedict	https://download.freedict.org/dictionaries/fra-ita/2025.11.23/freedict-fra-ita-2025.11.23.stardict.tar.xz	67356	2025.11.23	Wed, 11 Feb 2026 11:37:15 GMT	1f4ca0-64a8acb36762f	2051232
fra	jpn	fra-jpn freedict	https://download.freedict.org/dictionaries/fra-jpn/2025.11.23/freedict-fra-jpn-2025.11.23.stardict.tar.xz	16724	2025.11.23	Wed, 11 Feb 2026 11:34:59 GMT	9c2d8-64a8ac3138339	639704
fra	lat	fra-lat freedict	https://download.freedict.org/dictionaries/fra-lat/2025.11.23/freedict-fra-lat-2025.11.23.stardict.tar.xz	10302	2025.11.23	Wed, 11 Feb 2026 11:32:57 GMT	60540-64a8abbdbc95f	394560
fra	lit	fra-lit freedict	https://download.freedict.org/dictionaries/fra-lit/2025.11.23/freedict-fra-lit-2025.11.23.stardict.tar.xz	12413	2025.11.23	Wed, 11 Feb 2026 11:30:06 GMT	775a0-64a8ab19fc3a1	488864
fra	nld	fra-nld freedict	https://download.freedict.org/dictionaries/fra-nld/0.2/freedict-fra-nld-0.2.stardict.tar.xz	9604	0.2	Wed, 10 Jan 2024 20:11:18 GMT	478b4-60e9d08a6a605	293044
fra	pol	fra-pol freedict	https://download.freedict.org/dictionaries/fra-pol/2025.11.23/freedict-fra-pol-2025.11.23.stardict.tar.xz	21689	2025.11.23	Wed, 11 Feb 2026 11:29:05 GMT	c54ec-64a8aadf99cdb	808172
fra	por	fra-por freedict	https://download.freedict.org/dictionaries/fra-por/2025.11.23/freedict-fra-por-2025.11.23.stardict.tar.xz	26132	2025.11.23	Wed, 11 Feb 2026 11:28:23 GMT	f0b4c-64a8aab7bba8d	985932
fra	rus	fra-rus freedict	https://download.freedict.org/dictionaries/fra-rus/2025.11.23/freedict-fra-rus-2025.11.23.stardict.tar.xz	24739	2025.11.23	Wed, 11 Feb 2026 11:26:26 GMT	df9d8-64a8aa48cfe64	915928
fra	spa	fra-spa freedict	https://download.freedict.org/dictionaries/fra-spa/2025.11.23/freedict-fra-spa-2025.11.23.stardict.tar.xz	52659	2025.11.23	Sat, 29 Nov 2025 21:44:07 GMT	1a68f0-644c2a54e59ac	1730800
fra	swe	fra-swe freedict	https://download.freedict.org/dictionaries/fra-swe/2025.11.23/freedict-fra-swe-2025.11.23.stardict.tar.xz	19515	2025.11.23	Sat, 29 Nov 2025 21:42:07 GMT	b5260-644c29e21dc7c	741984
fra	tur	fra-tur freedict	https://download.freedict.org/dictionaries/fra-tur/2025.11.23/freedict-fra-tur-2025.11.23.stardict.tar.xz	11628	2025.11.23	Sat, 29 Nov 2025 21:41:27 GMT	75718-644c29bba61cc	481048
fra	zho	fra-zho freedict	https://download.freedict.org/dictionaries/fra-zho/2025.11.23/freedict-fra-zho-2025.11.23.stardict.tar.xz	10947	2025.11.23	Sat, 29 Nov 2025 21:40:47 GMT	70da8-644c2995d37bc	462248
gla	deu	gla-deu freedict	https://download.freedict.org/dictionaries/gla-deu/0.2.1/freedict-gla-deu-0.2.1.stardict.tar.xz	257	0.2.1	Wed, 10 Jan 2024 20:11:37 GMT	34e8-60e9d09d6d93f	13544
gle	eng	gle-eng freedict	https://download.freedict.org/dictionaries/gle-eng/0.2/freedict-gle-eng-0.2.stardict.tar.xz	1185	0.2	Wed, 10 Jan 2024 20:11:57 GMT	6a48-60e9d0b07c7f9	27208
gle	pol	gle-pol freedict	https://download.freedict.org/dictionaries/gle-pol/0.1.2/freedict-gle-pol-0.1.2.stardict.tar.xz	280	0.1.2	Wed, 10 Jan 2024 20:12:17 GMT	3430-60e9d0c38d5f2	13360
hrv	eng	hrv-eng freedict	https://download.freedict.org/dictionaries/hrv-eng/0.1.2/freedict-hrv-eng-0.1.2.stardict.tar.xz	79808	0.1.2	Wed, 10 Jan 2024 20:14:38 GMT	172004-60e9d1491dda8	1515524
hun	eng	hun-eng freedict	https://download.freedict.org/dictionaries/hun-eng/0.4.1/freedict-hun-eng-0.4.1.stardict.tar.xz	139935	0.4.1	Wed, 10 Jan 2024 20:18:38 GMT	2dd250-60e9d22e94362	3002960
isl	eng	isl-eng freedict	https://download.freedict.org/dictionaries/isl-eng/0.1.1/freedict-isl-eng-0.1.1.stardict.tar.xz	11219	0.1.1	Wed, 10 Jan 2024 20:18:58 GMT	24ad4-60e9d241fdf3d	150228
ita	bul	ita-bul freedict	https://download.freedict.org/dictionaries/ita-bul/2025.11.23/freedict-ita-bul-2025.11.23.stardict.tar.xz	20793	2025.11.23	Sat, 29 Nov 2025 21:40:13 GMT	d9924-644c2975a62b3	891172
ita	cat	ita-cat freedict	https://download.freedict.org/dictionaries/ita-cat/2025.11.23/freedict-ita-cat-2025.11.23.stardict.tar.xz	22148	2025.11.23	Sat, 29 Nov 2025 21:39:31 GMT	dadb4-644c294ce29c0	896436
ita	ces	ita-ces freedict	https://download.freedict.org/dictionaries/ita-ces/2025.11.23/freedict-ita-ces-2025.11.23.stardict.tar.xz	16819	2025.11.23	Sat, 29 Nov 2025 21:38:47 GMT	aef0c-644c2923780ec	716556
ita	dan	ita-dan freedict	https://download.freedict.org/dictionaries/ita-dan/2025.11.23/freedict-ita-dan-2025.11.23.stardict.tar.xz	18601	2025.11.23	Sat, 29 Nov 2025 21:38:08 GMT	be2a0-644c28fda955c	778912
ita	deu	ita-deu freedict	https://download.freedict.org/dictionaries/ita-deu/0.2.1/freedict-ita-deu-0.2.1.stardict.tar.xz	2924	0.2.1	Wed, 10 Jan 2024 20:19:18 GMT	10228-60e9d254515f5	66088
ita	ell	ita-ell freedict	https://download.freedict.org/dictionaries/ita-ell/2025.11.23/freedict-ita-ell-2025.11.23.stardict.tar.xz	20176	2025.11.23	Sat, 29 Nov 2025 21:37:28 GMT	d05b8-644c28d854aed	853432
ita	eng	ita-eng freedict	https://download.freedict.org/dictionaries/ita-eng/2025.11.23/freedict-ita-eng-2025.11.23.stardict.tar.xz	29660	2025.11.23	Sat, 29 Nov 2025 21:36:47 GMT	139264-644c28b0edc1b	1282660
ita	fin	ita-fin freedict	https://download.freedict.org/dictionaries/ita-fin/2025.11.23/freedict-ita-fin-2025.11.23.stardict.tar.xz	21510	2025.11.23	Sat, 29 Nov 2025 21:35:02 GMT	d8fe8-644c284cea35d	888808
ita	gle	ita-gle freedict	https://download.freedict.org/dictionaries/ita-gle/2025.11.23/freedict-ita-gle-2025.11.23.stardict.tar.xz	17014	2025.11.23	Sat, 29 Nov 2025 10:34:11 GMT	b06a0-644b949650ac8	722592
ita	ind	ita-ind freedict	https://download.freedict.org/dictionaries/ita-ind/2025.11.23/freedict-ita-ind-2025.11.23.stardict.tar.xz	14546	2025.11.23	Sat, 29 Nov 2025 10:33:31 GMT	99df0-644b947021458	630256
ita	jpn	ita-jpn freedict	https://download.freedict.org/dictionaries/ita-jpn/2025.11.23/freedict-ita-jpn-2025.11.23.stardict.tar.xz	20066	2025.11.23	Sat, 29 Nov 2025 10:32:52 GMT	d13f0-644b944b228e9	857072
ita	lit	ita-lit freedict	https://download.freedict.org/dictionaries/ita-lit/2025.11.23/freedict-ita-lit-2025.11.23.stardict.tar.xz	12754	2025.11.23	Sat, 29 Nov 2025 10:32:10 GMT	88eec-644b942393977	560876
ita	nld	ita-nld freedict	https://download.freedict.org/dictionaries/ita-nld/2025.11.23/freedict-ita-nld-2025.11.23.stardict.tar.xz	11235	2025.11.23	Sat, 29 Nov 2025 10:31:30 GMT	7e1e4-644b93fd71dc7	516580
ita	nor	ita-nor freedict	https://download.freedict.org/dictionaries/ita-nor/2025.11.23/freedict-ita-nor-2025.11.23.stardict.tar.xz	11240	2025.11.23	Sat, 29 Nov 2025 10:30:51 GMT	791a4-644b93d7e9737	496036
ita	pol	ita-pol freedict	https://download.freedict.org/dictionaries/ita-pol/2025.11.23/freedict-ita-pol-2025.11.23.stardict.tar.xz	19191	2025.11.23	Sat, 29 Nov 2025 10:30:11 GMT	c3ad4-644b93b14ea07	801492
ita	por	ita-por freedict	https://download.freedict.org/dictionaries/ita-por/2025.11.23/freedict-ita-por-2025.11.23.stardict.tar.xz	12762	2025.11.23	Sat, 29 Nov 2025 10:29:31 GMT	89ec4-644b938b18636	564932
ita	rus	ita-rus freedict	https://download.freedict.org/dictionaries/ita-rus/2025.11.23/freedict-ita-rus-2025.11.23.stardict.tar.xz	14137	2025.11.23	Sat, 29 Nov 2025 10:28:51 GMT	9bbb0-644b93650b2a6	637872
ita	spa	ita-spa freedict	https://download.freedict.org/dictionaries/ita-spa/2025.11.23/freedict-ita-spa-2025.11.23.stardict.tar.xz	14278	2025.11.23	Sat, 29 Nov 2025 10:28:11 GMT	9639c-644b933edac95	615324
ita	swe	ita-swe freedict	https://download.freedict.org/dictionaries/ita-swe/2025.11.23/freedict-ita-swe-2025.11.23.stardict.tar.xz	18483	2025.11.23	Sat, 29 Nov 2025 10:27:29 GMT	bcbf4-644b9317764ae	773108
ita	tur	ita-tur freedict	https://download.freedict.org/dictionaries/ita-tur/2025.11.23/freedict-ita-tur-2025.11.23.stardict.tar.xz	18882	2025.11.23	Sat, 29 Nov 2025 10:26:49 GMT	c21d8-644b92f143f4d	795096
jpn	deu	jpn-deu freedict	https://download.freedict.org/dictionaries/jpn-deu/0.2.0/freedict-jpn-deu-0.2.0.stardict.tar.xz	109546	0.2.0	Wed, 10 Jan 2024 20:27:58 GMT	45fe8c-60e9d4445c121	4587148
jpn	eng	jpn-eng freedict	https://download.freedict.org/dictionaries/jpn-eng/0.1/freedict-jpn-eng-0.1.stardict.tar.xz	173747	0.1	Wed, 10 Jan 2024 20:44:19 GMT	5d47b4-60e9d7ec5822b	6113204
jpn	fra	jpn-fra freedict	https://download.freedict.org/dictionaries/jpn-fra/0.1/freedict-jpn-fra-0.1.stardict.tar.xz	14891	0.1	Wed, 10 Jan 2024 20:45:39 GMT	7691c-60e9d83897bfd	485660
jpn	rus	jpn-rus freedict	https://download.freedict.org/dictionaries/jpn-rus/0.1/freedict-jpn-rus-0.1.stardict.tar.xz	6742	0.1	Wed, 10 Jan 2024 20:46:07 GMT	3346c-60e9d853382f3	210028
kha	deu	kha-deu freedict	https://download.freedict.org/dictionaries/kha-deu/0.1.4/freedict-kha-deu-0.1.4.stardict.tar.xz	995	0.1.4	Wed, 10 Jan 2024 20:46:18 GMT	6b34-60e9d85db3ca1	27444
kha	eng	kha-eng freedict	https://download.freedict.org/dictionaries/kha-eng/0.2.2/freedict-kha-eng-0.2.2.stardict.tar.xz	2280	0.2.2	Wed, 10 Jan 2024 20:46:38 GMT	109a8-60e9d870cc7b6	68008
kur	deu	kur-deu freedict	https://download.freedict.org/dictionaries/kur-deu/0.1.2/freedict-kur-deu-0.1.2.stardict.tar.xz	22035	0.1.2	Wed, 10 Jan 2024 20:47:06 GMT	3dd94-60e9d88b7f78b	253332
kur	eng	kur-eng freedict	https://download.freedict.org/dictionaries/kur-eng/1.2/freedict-kur-eng-1.2.stardict.tar.xz	5208	1.2	Wed, 10 Jan 2024 20:47:18 GMT	edd8-60e9d897089be	60888
kur	tur	kur-tur freedict	https://download.freedict.org/dictionaries/kur-tur/0.1.2/freedict-kur-tur-0.1.2.stardict.tar.xz	24377	0.1.2	Wed, 10 Jan 2024 20:47:48 GMT	47644-60e9d8b39635c	292420
lat	deu	lat-deu freedict	https://download.freedict.org/dictionaries/lat-deu/1.0.3/freedict-lat-deu-1.0.3.stardict.tar.xz	5500	1.0.3	Wed, 10 Jan 2024 20:47:58 GMT	22bbc-60e9d8bd45b67	142268
lat	eng	lat-eng freedict	https://download.freedict.org/dictionaries/lat-eng/0.1.2/freedict-lat-eng-0.1.2.stardict.tar.xz	2305	0.1.2	Wed, 10 Jan 2024 20:48:18 GMT	bf4c-60e9d8d0394ba	48972
lit	eng	lit-eng freedict	https://download.freedict.org/dictionaries/lit-eng/0.7.2/freedict-lit-eng-0.7.2.stardict.tar.xz	7031	0.7.2	Wed, 10 Jan 2024 20:48:38 GMT	360f0-60e9d8e35008e	221424
mkd	bul	mkd-bul freedict	https://download.freedict.org/dictionaries/mkd-bul/0.1.1/freedict-mkd-bul-0.1.1.stardict.tar.xz	4546	0.1.1	Wed, 10 Jan 2024 20:48:58 GMT	135a8-60e9d8f674722	79272
nld	bul	nld-bul freedict	https://download.freedict.org/dictionaries/nld-bul/2025.11.23/freedict-nld-bul-2025.11.23.stardict.tar.xz	12665	2025.11.23	Sat, 29 Nov 2025 10:26:09 GMT	8c5f0-644b92cb3e8ab	574960
nld	cat	nld-cat freedict	https://download.freedict.org/dictionaries/nld-cat/2025.11.23/freedict-nld-cat-2025.11.23.stardict.tar.xz	11793	2025.11.23	Sat, 29 Nov 2025 10:25:29 GMT	814e4-644b92a4b8388	529636
nld	ces	nld-ces freedict	https://download.freedict.org/dictionaries/nld-ces/2025.11.23/freedict-nld-ces-2025.11.23.stardict.tar.xz	11396	2025.11.23	Sat, 29 Nov 2025 10:24:49 GMT	7f48c-644b927e9e4c5	521356
nld	dan	nld-dan freedict	https://download.freedict.org/dictionaries/nld-dan/2025.11.23/freedict-nld-dan-2025.11.23.stardict.tar.xz	10221	2025.11.23	Sat, 29 Nov 2025 10:24:09 GMT	73474-644b925880782	472180
nld	deu	nld-deu freedict	https://download.freedict.org/dictionaries/nld-deu/0.2.1/freedict-nld-deu-0.2.1.stardict.tar.xz	17224	0.2.1	Wed, 10 Jan 2024 20:49:18 GMT	6eaa4-60e9d9097e7d6	453284
nld	ell	nld-ell freedict	https://download.freedict.org/dictionaries/nld-ell/2025.11.23/freedict-nld-ell-2025.11.23.stardict.tar.xz	10051	2025.11.23	Sat, 29 Nov 2025 10:23:29 GMT	73bd8-644b9232493ff	474072
nld	eng	nld-eng freedict	https://download.freedict.org/dictionaries/nld-eng/0.2/freedict-nld-eng-0.2.stardict.tar.xz	22747	0.2	Wed, 10 Jan 2024 20:49:38 GMT	86e84-60e9d91cb574a	552580
nld	fin	nld-fin freedict	https://download.freedict.org/dictionaries/nld-fin/2025.11.23/freedict-nld-fin-2025.11.23.stardict.tar.xz	12735	2025.11.23	Sat, 29 Nov 2025 10:22:52 GMT	8e500-644b920e8fb9f	582912
nld	fra	nld-fra freedict	https://download.freedict.org/dictionaries/nld-fra/0.2/freedict-nld-fra-0.2.stardict.tar.xz	16770	0.2	Wed, 10 Jan 2024 20:49:58 GMT	5e544-60e9d92fba9dd	386372
nld	gle	nld-gle freedict	https://download.freedict.org/dictionaries/nld-gle/2025.11.23/freedict-nld-gle-2025.11.23.stardict.tar.xz	18643	2025.11.23	Sat, 29 Nov 2025 10:22:16 GMT	b9594-644b91ecd5ec3	759188
nld	ind	nld-ind freedict	https://download.freedict.org/dictionaries/nld-ind/2022.04.06/freedict-nld-ind-2022.04.06.stardict.tar.xz	10789	2022.04.06	Thu, 11 Jan 2024 20:49:37 GMT	5e594-60eb1af8fbb6e	386452
nld	ita	nld-ita freedict	https://download.freedict.org/dictionaries/nld-ita/2018.09.13/freedict-nld-ita-2018.09.13.stardict.tar.xz	10595	2018.09.13	Thu, 11 Jan 2024 20:49:48 GMT	6c204-60eb1b031e735	442884
nld	jpn	nld-jpn freedict	https://download.freedict.org/dictionaries/nld-jpn/2025.11.23/freedict-nld-jpn-2025.11.23.stardict.tar.xz	10392	2025.11.23	Sat, 29 Nov 2025 10:21:29 GMT	796c8-644b91bfbcfb2	497352
nld	lat	nld-lat freedict	https://download.freedict.org/dictionaries/nld-lat/2024.10.10/freedict-nld-lat-2024.10.10.stardict.tar.xz	12461	2024.10.10	Fri, 11 Oct 2024 14:09:20 GMT	969b8-6243408886a38	616888
nld	lit	nld-lit freedict	https://download.freedict.org/dictionaries/nld-lit/2020.10.04/freedict-nld-lit-2020.10.04.stardict.tar.xz	10579	2020.10.04	Thu, 11 Jan 2024 20:49:59 GMT	62154-60eb1b0d56abc	401748
nld	pol	nld-pol freedict	https://download.freedict.org/dictionaries/nld-pol/2024.10.10/freedict-nld-pol-2024.10.10.stardict.tar.xz	12201	2024.10.10	Fri, 11 Oct 2024 14:09:49 GMT	a173c-624340a3fd92b	661308
nld	por	nld-por freedict	https://download.freedict.org/dictionaries/nld-por/2025.11.23/freedict-nld-por-2025.11.23.stardict.tar.xz	13233	2025.11.23	Sat, 29 Nov 2025 10:20:49 GMT	91fc8-644b9199a11ad	597960
nld	rus	nld-rus freedict	https://download.freedict.org/dictionaries/nld-rus/2025.11.23/freedict-nld-rus-2025.11.23.stardict.tar.xz	13283	2025.11.23	Sat, 29 Nov 2025 10:20:09 GMT	980dc-644b9173da308	622812
nld	spa	nld-spa freedict	https://download.freedict.org/dictionaries/nld-spa/2025.11.23/freedict-nld-spa-2025.11.23.stardict.tar.xz	28097	2025.11.23	Sat, 29 Nov 2025 10:19:29 GMT	1075ac-644b914d51ea1	1078700
nld	swe	nld-swe freedict	https://download.freedict.org/dictionaries/nld-swe/2025.11.23/freedict-nld-swe-2025.11.23.stardict.tar.xz	13342	2025.11.23	Sat, 29 Nov 2025 10:17:39 GMT	92850-644b90e4761df	600144
nno	nob	nno-nob freedict	https://download.freedict.org/dictionaries/nno-nob/0.1.1/freedict-nno-nob-0.1.1.stardict.tar.xz	67987	0.1.1	Wed, 10 Jan 2024 20:50:18 GMT	bfd4c-60e9d942bbdf0	785740
oci	cat	oci-cat freedict	https://download.freedict.org/dictionaries/oci-cat/0.1.1/freedict-oci-cat-0.1.1.stardict.tar.xz	16679	0.1.1	Wed, 10 Jan 2024 20:50:38 GMT	2bc64-60e9d955e6244	179300
pol	bul	pol-bul freedict	https://download.freedict.org/dictionaries/pol-bul/2025.11.23/freedict-pol-bul-2025.11.23.stardict.tar.xz	14683	2025.11.23	Sat, 29 Nov 2025 10:17:02 GMT	acddc-644b90c19d33d	708060
pol	cat	pol-cat freedict	https://download.freedict.org/dictionaries/pol-cat/2025.11.23/freedict-pol-cat-2025.11.23.stardict.tar.xz	10285	2025.11.23	Sat, 29 Nov 2025 10:16:26 GMT	7d420-644b909ebe6dc	513056
pol	ces	pol-ces freedict	https://download.freedict.org/dictionaries/pol-ces/2025.11.23/freedict-pol-ces-2025.11.23.stardict.tar.xz	15704	2025.11.23	Sat, 29 Nov 2025 10:15:59 GMT	b8a1c-644b90855970b	756252
pol	dan	pol-dan freedict	https://download.freedict.org/dictionaries/pol-dan/2025.11.23/freedict-pol-dan-2025.11.23.stardict.tar.xz	14706	2025.11.23	Sat, 29 Nov 2025 10:15:22 GMT	bdfbc-644b906183987	778172
pol	deu	pol-deu freedict	https://download.freedict.org/dictionaries/pol-deu/2025.11.23/freedict-pol-deu-2025.11.23.stardict.tar.xz	26635	2025.11.23	Sat, 29 Nov 2025 10:14:45 GMT	14a0f0-644b903e9d024	1351920
pol	ell	pol-ell freedict	https://download.freedict.org/dictionaries/pol-ell/2025.11.23/freedict-pol-ell-2025.11.23.stardict.tar.xz	14283	2025.11.23	Sat, 29 Nov 2025 10:13:30 GMT	be36c-644b8ff76587a	779116
pol	eng	pol-eng freedict	https://download.freedict.org/dictionaries/pol-eng/2025.11.23/freedict-pol-eng-2025.11.23.stardict.tar.xz	42088	2025.11.23	Sat, 29 Nov 2025 10:12:49 GMT	2099a8-644b8fd021c0d	2136488
pol	fin	pol-fin freedict	https://download.freedict.org/dictionaries/pol-fin/2025.11.23/freedict-pol-fin-2025.11.23.stardict.tar.xz	19084	2025.11.23	Sat, 29 Nov 2025 10:09:52 GMT	e84bc-644b8f278b77c	951484
pol	fra	pol-fra freedict	https://download.freedict.org/dictionaries/pol-fra/2025.11.23/freedict-pol-fra-2025.11.23.stardict.tar.xz	22133	2025.11.23	Sat, 29 Nov 2025 10:09:07 GMT	10b6c4-644b8efbfb1a3	1095364
pol	gle	pol-gle freedict	https://download.freedict.org/dictionaries/pol-gle/0.1.2/freedict-pol-gle-0.1.2.stardict.tar.xz	272	0.1.2	Wed, 10 Jan 2024 20:50:58 GMT	3478-60e9d968e85f7	13432
pol	ind	pol-ind freedict	https://download.freedict.org/dictionaries/pol-ind/2025.11.23/freedict-pol-ind-2025.11.23.stardict.tar.xz	13556	2025.11.23	Sat, 29 Nov 2025 10:08:10 GMT	a6cc8-644b8ec59f0f3	683208
pol	ita	pol-ita freedict	https://download.freedict.org/dictionaries/pol-ita/2025.11.23/freedict-pol-ita-2025.11.23.stardict.tar.xz	22404	2025.11.23	Sat, 29 Nov 2025 10:07:29 GMT	10ab0c-644b8e9f22802	1092364
pol	jpn	pol-jpn freedict	https://download.freedict.org/dictionaries/pol-jpn/2025.11.23/freedict-pol-jpn-2025.11.23.stardict.tar.xz	14401	2025.11.23	Sat, 29 Nov 2025 10:05:43 GMT	ba868-644b8e39ea56c	764008
pol	lit	pol-lit freedict	https://download.freedict.org/dictionaries/pol-lit/2025.11.23/freedict-pol-lit-2025.11.23.stardict.tar.xz	10824	2025.11.23	Sat, 29 Nov 2025 10:04:51 GMT	861fc-644b8e07be901	549372
pol	nld	pol-nld freedict	https://download.freedict.org/dictionaries/pol-nld/2025.11.23/freedict-pol-nld-2025.11.23.stardict.tar.xz	17405	2025.11.23	Sat, 29 Nov 2025 10:04:11 GMT	d58cc-644b8de1db52f	874700
pol	nor	pol-nor freedict	https://download.freedict.org/dictionaries/pol-nor/2025.11.23/freedict-pol-nor-2025.11.23.stardict.tar.xz	18074	2025.11.23	Sat, 29 Nov 2025 10:02:41 GMT	d3788-644b8d8c53c53	866184
pol	por	pol-por freedict	https://download.freedict.org/dictionaries/pol-por/2025.11.23/freedict-pol-por-2025.11.23.stardict.tar.xz	11739	2025.11.23	Sat, 29 Nov 2025 10:01:35 GMT	94384-644b8d4d51da6	607108
pol	rus	pol-rus freedict	https://download.freedict.org/dictionaries/pol-rus/2025.11.23/freedict-pol-rus-2025.11.23.stardict.tar.xz	28923	2025.11.23	Sat, 29 Nov 2025 10:00:51 GMT	151870-644b8d2360867	1382512
pol	spa	pol-spa freedict	https://download.freedict.org/dictionaries/pol-spa/2025.11.23/freedict-pol-spa-2025.11.23.stardict.tar.xz	24058	2025.11.23	Sat, 29 Nov 2025 09:58:49 GMT	12f8d8-644b8cae75cba	1243352
pol	swe	pol-swe freedict	https://download.freedict.org/dictionaries/pol-swe/2025.11.23/freedict-pol-swe-2025.11.23.stardict.tar.xz	13080	2025.11.23	Sat, 29 Nov 2025 09:57:14 GMT	a6870-644b8c5439285	682096
pol	tur	pol-tur freedict	https://download.freedict.org/dictionaries/pol-tur/2025.11.23/freedict-pol-tur-2025.11.23.stardict.tar.xz	13246	2025.11.23	Sat, 29 Nov 2025 09:56:38 GMT	a65c4-644b8c31c5cd2	681412
por	deu	por-deu freedict	https://download.freedict.org/dictionaries/por-deu/0.2/freedict-por-deu-0.2.stardict.tar.xz	8294	0.2	Wed, 10 Jan 2024 20:51:18 GMT	2cd00-60e9d97bcf42a	183552
por	eng	por-eng freedict	https://download.freedict.org/dictionaries/por-eng/0.2/freedict-por-eng-0.2.stardict.tar.xz	10661	0.2	Wed, 10 Jan 2024 20:51:38 GMT	32f4c-60e9d98f2097e	208716
por	fra	por-fra freedict	https://download.freedict.org/dictionaries/por-fra/2025.11.23/freedict-por-fra-2025.11.23.stardict.tar.xz	10240	2025.11.23	Sat, 29 Nov 2025 09:55:51 GMT	46704-644b8c05174c6	288516
por	spa	por-spa freedict	https://download.freedict.org/dictionaries/por-spa/2025.11.23/freedict-por-spa-2025.11.23.stardict.tar.xz	10791	2025.11.23	Sat, 29 Nov 2025 09:55:13 GMT	491d4-644b8be0bca2d	299476
rus	ces	rus-ces freedict	https://download.freedict.org/dictionaries/rus-ces/2025.11.23/freedict-rus-ces-2025.11.23.stardict.tar.xz	10955	2025.11.23	Fri, 28 Nov 2025 22:32:19 GMT	66350-644af33d6d7e5	418640
rus	deu	rus-deu freedict	https://download.freedict.org/dictionaries/rus-deu/2025.11.23/freedict-rus-deu-2025.11.23.stardict.tar.xz	23850	2025.11.23	Fri, 28 Nov 2025 22:31:46 GMT	d9de4-644af31d53b35	892388
rus	eng	rus-eng freedict	https://download.freedict.org/dictionaries/rus-eng/2025.11.23/freedict-rus-eng-2025.11.23.stardict.tar.xz	42600	2025.11.23	Fri, 28 Nov 2025 22:30:44 GMT	171d98-644af2e23ac24	1514904
rus	fra	rus-fra freedict	https://download.freedict.org/dictionaries/rus-fra/2025.11.23/freedict-rus-fra-2025.11.23.stardict.tar.xz	25142	2025.11.23	Fri, 28 Nov 2025 22:28:34 GMT	ea97c-644af2667717b	960892
rus	ita	rus-ita freedict	https://download.freedict.org/dictionaries/rus-ita/2025.11.23/freedict-rus-ita-2025.11.23.stardict.tar.xz	16425	2025.11.23	Fri, 28 Nov 2025 22:27:27 GMT	94310-644af22613a79	606992
rus	pol	rus-pol freedict	https://download.freedict.org/dictionaries/rus-pol/2025.11.23/freedict-rus-pol-2025.11.23.stardict.tar.xz	13322	2025.11.23	Fri, 28 Nov 2025 22:26:43 GMT	712f4-644af1fc91a6d	463604
rus	por	rus-por freedict	https://download.freedict.org/dictionaries/rus-por/2025.11.23/freedict-rus-por-2025.11.23.stardict.tar.xz	10644	2025.11.23	Fri, 28 Nov 2025 22:26:04 GMT	63b18-644af1d773aca	408344
rus	spa	rus-spa freedict	https://download.freedict.org/dictionaries/rus-spa/2025.11.23/freedict-rus-spa-2025.11.23.stardict.tar.xz	18875	2025.11.23	Fri, 28 Nov 2025 22:25:32 GMT	af8b8-644af1b954b79	719032
rus	swe	rus-swe freedict	https://download.freedict.org/dictionaries/rus-swe/2025.11.23/freedict-rus-swe-2025.11.23.stardict.tar.xz	10214	2025.11.23	Fri, 28 Nov 2025 22:24:43 GMT	615bc-644af18a7c7f8	398780
san	deu	san-deu freedict	https://download.freedict.org/dictionaries/san-deu/0.2.3/freedict-san-deu-0.2.3.stardict.tar.xz	107	0.2.3	Wed, 10 Jan 2024 20:51:58 GMT	2d40-60e9d9a21fe51	11584
slk	eng	slk-eng freedict	https://download.freedict.org/dictionaries/slk-eng/0.2.1/freedict-slk-eng-0.2.1.stardict.tar.xz	827	0.2.1	Wed, 10 Jan 2024 20:52:18 GMT	5898-60e9d9b51d3e3	22680
slv	eng	slv-eng freedict	https://download.freedict.org/dictionaries/slv-eng/0.1/freedict-slv-eng-0.1.stardict.tar.xz	5555	0.1	Wed, 10 Jan 2024 20:52:38 GMT	1d2c8-60e9d9c8458f7	119496
spa	ast	spa-ast freedict	https://download.freedict.org/dictionaries/spa-ast/0.1.1/freedict-spa-ast-0.1.1.stardict.tar.xz	49252	0.1.1	Wed, 10 Jan 2024 20:53:38 GMT	77c2c-60e9da018002f	490540
spa	cat	spa-cat freedict	https://download.freedict.org/dictionaries/spa-cat/2024.10.10/freedict-spa-cat-2024.10.10.stardict.tar.xz	10080	2024.10.10	Fri, 11 Oct 2024 15:07:37 GMT	8cd10-62434d8f77e86	576784
spa	ces	spa-ces freedict	https://download.freedict.org/dictionaries/spa-ces/2025.11.23/freedict-spa-ces-2025.11.23.stardict.tar.xz	10118	2025.11.23	Fri, 28 Nov 2025 22:24:03 GMT	7d510-644af1646a60c	513296
spa	deu	spa-deu freedict	https://download.freedict.org/dictionaries/spa-deu/0.1/freedict-spa-deu-0.1.stardict.tar.xz	21353	0.1	Thu, 11 Jan 2024 20:50:22 GMT	5665c-60eb1b2348db0	353884
spa	eng	spa-eng freedict	https://download.freedict.org/dictionaries/spa-eng/0.3.1/freedict-spa-eng-0.3.1.stardict.tar.xz	4502	0.3.1	Wed, 10 Jan 2024 20:53:59 GMT	17240-60e9da14cc763	94784
spa	fin	spa-fin freedict	https://download.freedict.org/dictionaries/spa-fin/2025.11.23/freedict-spa-fin-2025.11.23.stardict.tar.xz	11403	2025.11.23	Fri, 28 Nov 2025 22:23:24 GMT	8b1e4-644af13e5f17e	569828
spa	fra	spa-fra freedict	https://download.freedict.org/dictionaries/spa-fra/2025.11.23/freedict-spa-fra-2025.11.23.stardict.tar.xz	16273	2025.11.23	Fri, 28 Nov 2025 22:22:44 GMT	b9c10-644af118c034e	760848
spa	gle	spa-gle freedict	https://download.freedict.org/dictionaries/spa-gle/2025.11.23/freedict-spa-gle-2025.11.23.stardict.tar.xz	11765	2025.11.23	Fri, 28 Nov 2025 22:22:03 GMT	8d318-644af0f1db258	578328
spa	ind	spa-ind freedict	https://download.freedict.org/dictionaries/spa-ind/2025.11.23/freedict-spa-ind-2025.11.23.stardict.tar.xz	10842	2025.11.23	Fri, 28 Nov 2025 22:21:23 GMT	81724-644af0cbafa21	530212
spa	ita	spa-ita freedict	https://download.freedict.org/dictionaries/spa-ita/2025.11.23/freedict-spa-ita-2025.11.23.stardict.tar.xz	10745	2025.11.23	Fri, 28 Nov 2025 22:20:43 GMT	8213c-644af0a54f627	532796
spa	pol	spa-pol freedict	https://download.freedict.org/dictionaries/spa-pol/2025.11.23/freedict-spa-pol-2025.11.23.stardict.tar.xz	12015	2025.11.23	Fri, 28 Nov 2025 22:20:03 GMT	9401c-644af07f6d1cb	606236
spa	por	spa-por freedict	https://download.freedict.org/dictionaries/spa-por/0.2.1/freedict-spa-por-0.2.1.stardict.tar.xz	357	0.2.1	Wed, 10 Jan 2024 20:54:18 GMT	380c-60e9da27a5ad5	14348
spa	rus	spa-rus freedict	https://download.freedict.org/dictionaries/spa-rus/2025.11.23/freedict-spa-rus-2025.11.23.stardict.tar.xz	11982	2025.11.23	Fri, 28 Nov 2025 22:19:24 GMT	95c94-644af059755ac	613524
spa	swe	spa-swe freedict	https://download.freedict.org/dictionaries/spa-swe/2025.11.23/freedict-spa-swe-2025.11.23.stardict.tar.xz	11075	2025.11.23	Fri, 28 Nov 2025 22:18:50 GMT	86c2c-644af039ea220	551980
spa	tur	spa-tur freedict	https://download.freedict.org/dictionaries/spa-tur/2024.10.10/freedict-spa-tur-2024.10.10.stardict.tar.xz	10068	2024.10.10	Fri, 11 Oct 2024 15:08:23 GMT	966d0-62434dbbff6ae	616144
srp	eng	srp-eng freedict	https://download.freedict.org/dictionaries/srp-eng/0.2/freedict-srp-eng-0.2.stardict.tar.xz	395	0.2	Wed, 10 Jan 2024 20:54:38 GMT	3d4c-60e9da3ad1e68	15692
swe	bul	swe-bul freedict	https://download.freedict.org/dictionaries/swe-bul/2025.11.23/freedict-swe-bul-2025.11.23.stardict.tar.xz	13646	2025.11.23	Fri, 28 Nov 2025 22:18:19 GMT	98150-644af01c5bb38	622928
swe	cat	swe-cat freedict	https://download.freedict.org/dictionaries/swe-cat/2025.11.23/freedict-swe-cat-2025.11.23.stardict.tar.xz	16387	2025.11.23	Fri, 28 Nov 2025 22:17:39 GMT	b06ac-644aeff55d3ed	722604
swe	ces	swe-ces freedict	https://download.freedict.org/dictionaries/swe-ces/2025.11.23/freedict-swe-ces-2025.11.23.stardict.tar.xz	16261	2025.11.23	Fri, 28 Nov 2025 22:16:51 GMT	b1230-644aefc807bc6	725552
swe	dan	swe-dan freedict	https://download.freedict.org/dictionaries/swe-dan/2025.11.23/freedict-swe-dan-2025.11.23.stardict.tar.xz	12714	2025.11.23	Fri, 28 Nov 2025 22:16:04 GMT	8b508-644aef9b8623d	570632
swe	deu	swe-deu freedict	https://download.freedict.org/dictionaries/swe-deu/2025.11.23/freedict-swe-deu-2025.11.23.stardict.tar.xz	44108	2025.11.23	Fri, 28 Nov 2025 22:15:23 GMT	1d44b4-644aef741a4e3	1918132
swe	ell	swe-ell freedict	https://download.freedict.org/dictionaries/swe-ell/2025.11.23/freedict-swe-ell-2025.11.23.stardict.tar.xz	16167	2025.11.23	Fri, 28 Nov 2025 22:12:25 GMT	b1a54-644aeeca0b000	727636
swe	eng	swe-eng freedict	https://download.freedict.org/dictionaries/swe-eng/0.2/freedict-swe-eng-0.2.stardict.tar.xz	5220	0.2	Wed, 10 Jan 2024 20:54:58 GMT	17470-60e9da4dd327a	95344
swe	fin	swe-fin freedict	https://download.freedict.org/dictionaries/swe-fin/2025.11.23/freedict-swe-fin-2025.11.23.stardict.tar.xz	18714	2025.11.23	Fri, 28 Nov 2025 22:11:38 GMT	d2e40-644aee9d07888	863808
swe	fra	swe-fra freedict	https://download.freedict.org/dictionaries/swe-fra/2025.11.23/freedict-swe-fra-2025.11.23.stardict.tar.xz	20345	2025.11.23	Fri, 28 Nov 2025 22:10:43 GMT	d8df0-644aee695231b	888304
swe	gle	swe-gle freedict	https://download.freedict.org/dictionaries/swe-gle/2025.11.23/freedict-swe-gle-2025.11.23.stardict.tar.xz	17065	2025.11.23	Fri, 28 Nov 2025 22:09:20 GMT	b28d8-644aee1971e57	731352
swe	ita	swe-ita freedict	https://download.freedict.org/dictionaries/swe-ita/2025.11.23/freedict-swe-ita-2025.11.23.stardict.tar.xz	12985	2025.11.23	Fri, 28 Nov 2025 22:08:31 GMT	91768-644aedeb2e1ce	595816
swe	jpn	swe-jpn freedict	https://download.freedict.org/dictionaries/swe-jpn/2025.11.23/freedict-swe-jpn-2025.11.23.stardict.tar.xz	13651	2025.11.23	Fri, 28 Nov 2025 22:07:51 GMT	9e07c-644aedc5672fb	647292
swe	lat	swe-lat freedict	https://download.freedict.org/dictionaries/swe-lat/2025.11.23/freedict-swe-lat-2025.11.23.stardict.tar.xz	14940	2025.11.23	Fri, 28 Nov 2025 22:07:11 GMT	9bf84-644aed9ea5482	638852
swe	lit	swe-lit freedict	https://download.freedict.org/dictionaries/swe-lit/2024.10.10/freedict-swe-lit-2024.10.10.stardict.tar.xz	10671	2024.10.10	Fri, 11 Oct 2024 15:16:22 GMT	7e684-62434f847df92	517764
swe	nld	swe-nld freedict	https://download.freedict.org/dictionaries/swe-nld/2025.11.23/freedict-swe-nld-2025.11.23.stardict.tar.xz	12477	2025.11.23	Fri, 28 Nov 2025 22:06:28 GMT	8c1e4-644aed760bb20	573924
swe	nor	swe-nor freedict	https://download.freedict.org/dictionaries/swe-nor/2025.11.23/freedict-swe-nor-2025.11.23.stardict.tar.xz	17948	2025.11.23	Fri, 28 Nov 2025 22:05:49 GMT	c2114-644aed50fd566	794900
swe	pol	swe-pol freedict	https://download.freedict.org/dictionaries/swe-pol/2025.11.23/freedict-swe-pol-2025.11.23.stardict.tar.xz	13187	2025.11.23	Fri, 28 Nov 2025 22:04:57 GMT	9e154-644aed1f100bd	647508
swe	por	swe-por freedict	https://download.freedict.org/dictionaries/swe-por/2025.11.23/freedict-swe-por-2025.11.23.stardict.tar.xz	11502	2025.11.23	Fri, 28 Nov 2025 22:04:09 GMT	82710-644aecf14753a	534288
swe	rus	swe-rus freedict	https://download.freedict.org/dictionaries/swe-rus/2025.11.23/freedict-swe-rus-2025.11.23.stardict.tar.xz	11851	2025.11.23	Fri, 28 Nov 2025 22:03:32 GMT	8c708-644aecce59ea1	575240
swe	spa	swe-spa freedict	https://download.freedict.org/dictionaries/swe-spa/2025.11.23/freedict-swe-spa-2025.11.23.stardict.tar.xz	15577	2025.11.23	Fri, 28 Nov 2025 22:02:55 GMT	af350-644aecaa802c6	717648
swe	tur	swe-tur freedict	https://download.freedict.org/dictionaries/swe-tur/2025.11.23/freedict-swe-tur-2025.11.23.stardict.tar.xz	14066	2025.11.23	Fri, 28 Nov 2025 22:02:06 GMT	9dad8-644aec7c1a3c2	645848
swe	zho	swe-zho freedict	https://download.freedict.org/dictionaries/swe-zho/2025.11.23/freedict-swe-zho-2025.11.23.stardict.tar.xz	11793	2025.11.23	Fri, 28 Nov 2025 22:01:23 GMT	81f10-644aec52e2782	532240
swh	eng	swh-eng freedict	https://download.freedict.org/dictionaries/swh-eng/0.4.4/freedict-swh-eng-0.4.4.stardict.tar.xz	2675	0.4.4	Wed, 10 Jan 2024 20:55:18 GMT	e37c-60e9da60de2cc	58236
swh	pol	swh-pol freedict	https://download.freedict.org/dictionaries/swh-pol/0.2.3/freedict-swh-pol-0.2.3.stardict.tar.xz	1319	0.2.3	Wed, 10 Jan 2024 20:55:38 GMT	7dd0-60e9da74067df	32208
tur	bul	tur-bul freedict	https://download.freedict.org/dictionaries/tur-bul/2025.11.23/freedict-tur-bul-2025.11.23.stardict.tar.xz	10229	2025.11.23	Fri, 28 Nov 2025 22:00:43 GMT	44cec-644aec2c6fb04	281836
tur	cat	tur-cat freedict	https://download.freedict.org/dictionaries/tur-cat/2025.11.23/freedict-tur-cat-2025.11.23.stardict.tar.xz	12202	2025.11.23	Fri, 28 Nov 2025 22:00:03 GMT	4b944-644aec066b426	309572
tur	deu	tur-deu freedict	https://download.freedict.org/dictionaries/tur-deu/0.2.3/freedict-tur-deu-0.2.3.stardict.tar.xz	941	0.2.3	Wed, 10 Jan 2024 20:55:58 GMT	64c4-60e9da870d9b1	25796
tur	eng	tur-eng freedict	https://download.freedict.org/dictionaries/tur-eng/0.3/freedict-tur-eng-0.3.stardict.tar.xz	1026	0.3	Wed, 10 Jan 2024 20:56:18 GMT	63b4-60e9da9a14b83	25524
tur	fin	tur-fin freedict	https://download.freedict.org/dictionaries/tur-fin/2025.11.23/freedict-tur-fin-2025.11.23.stardict.tar.xz	14762	2025.11.23	Fri, 28 Nov 2025 21:59:24 GMT	5f1c4-644aebe1dae69	389572
tur	jpn	tur-jpn freedict	https://download.freedict.org/dictionaries/tur-jpn/2025.11.23/freedict-tur-jpn-2025.11.23.stardict.tar.xz	12012	2025.11.23	Fri, 28 Nov 2025 21:48:11 GMT	4f614-644ae95ff1a73	325140
wol	fra	wol-fra freedict	https://download.freedict.org/dictionaries/wol-fra/0.1/freedict-wol-fra-0.1.stardict.tar.xz	595	0.1	Wed, 10 Jan 2024 20:56:38 GMT	5574-60e9daad39216	21876
zho	ind	zho-ind freedict	https://download.freedict.org/dictionaries/zho-ind/2024.10.10/freedict-zho-ind-2024.10.10.stardict.tar.xz	82904	2024.10.10	Fri, 11 Oct 2024 12:12:29 GMT	31c884-6243266ae6183	3262596
zho	kur	zho-kur freedict	https://download.freedict.org/dictionaries/zho-kur/2025.11.23/freedict-zho-kur-2025.11.23.stardict.tar.xz	55768	2025.11.23	Fri, 28 Nov 2025 21:47:37 GMT	1bcfcc-644ae93fafd50	1822668
zho	lat	zho-lat freedict	https://download.freedict.org/dictionaries/zho-lat/2025.08.04/freedict-zho-lat-2025.08.04.stardict.tar.xz	87715	2025.08.04	Fri, 28 Nov 2025 21:45:37 GMT	1007f4-644ae8ccd380e	1050612
zho	lit	zho-lit freedict	https://download.freedict.org/dictionaries/zho-lit/2024.10.10/freedict-zho-lit-2024.10.10.stardict.tar.xz	85992	2024.10.10	Fri, 11 Oct 2024 15:24:35 GMT	33dfbc-6243515a52e75	3399612
zho	mlg	zho-mlg freedict	https://download.freedict.org/dictionaries/zho-mlg/2025.11.23/freedict-zho-mlg-2025.11.23.stardict.tar.xz	71285	2025.11.23	Fri, 28 Nov 2025 21:44:21 GMT	20beb4-644ae88496517	2145972
zho	nor	zho-nor freedict	https://download.freedict.org/dictionaries/zho-nor/2025.11.23/freedict-zho-nor-2025.11.23.stardict.tar.xz	93867	2025.11.23	Fri, 28 Nov 2025 21:40:34 GMT	2faa04-644ae7ac00efb	3123716
zho	rus	zho-rus freedict	https://download.freedict.org/dictionaries/zho-rus/2025.11.23/freedict-zho-rus-2025.11.23.stardict.tar.xz	156590	2025.11.23	Fri, 28 Nov 2025 21:34:19 GMT	6af138-644ae645f3aa4	7008568
san	san	abhidhAnachintAmaNi	https://raw.githubusercontent.com/indic-dict/stardict-sanskrit/gh-pages/sa-head/sa-entries/tars/abhidhAnachintAmaNi__2026-03-26_20-10-06Z__0MB.tar.gz			Thu, 26 Mar 2026 00:00:00 GMT		
san	san	abhidhAnachintAmaNiparishiShTa	https://raw.githubusercontent.com/indic-dict/stardict-sanskrit/gh-pages/sa-head/sa-entries/tars/abhidhAnachintAmaNiparishiShTa__2026-03-26_20-10-06Z__0MB.tar.gz			Thu, 26 Mar 2026 00:00:00 GMT		
san	san	abhidhAnachintAmaNishilonCha	https://raw.githubusercontent.com/indic-dict/stardict-sanskrit/gh-pages/sa-head/sa-entries/tars/abhidhAnachintAmaNishilonCha__2026-03-26_20-10-06Z__0MB.tar.gz			Thu, 26 Mar 2026 00:00:00 GMT		
san	san	abhidhAnaratnamAlA	https://raw.githubusercontent.com/indic-dict/stardict-sanskrit/gh-pages/sa-head/sa-entries/tars/abhidhAnaratnamAlA__2026-03-26_20-10-06Z__0MB.tar.gz			Thu, 26 Mar 2026 00:00:00 GMT		
san	san	amara-onto	https://raw.githubusercontent.com/indic-dict/stardict-sanskrit/gh-pages/sa-head/sa-entries/tars/amara-onto__2022-09-08_03-28-28Z__1MB.tar.gz			Thu, 08 Sep 2022 00:00:00 GMT		
san	san	amara-sudhA	https://raw.githubusercontent.com/indic-dict/stardict-sanskrit/gh-pages/sa-head/sa-entries/tars/amara-sudhA__2026-03-07_01-28-51Z__1MB.tar.gz			Sat, 07 Mar 2026 00:00:00 GMT		
san	san	anekArthadhvanimanjarI	https://raw.githubusercontent.com/indic-dict/stardict-sanskrit/gh-pages/sa-head/sa-entries/tars/anekArthadhvanimanjarI__2022-01-22_15-15-47Z__0MB.tar.gz			Sat, 22 Jan 2022 00:00:00 GMT		
san	san	bhUtasankhyA_kp_shukla	https://raw.githubusercontent.com/indic-dict/stardict-sanskrit/gh-pages/sa-head/sa-entries/tars/bhUtasankhyA_kp_shukla__2022-12-22_16-26-50Z__0MB.tar.gz			Thu, 22 Dec 2022 00:00:00 GMT		
san	san	e-bhAratI-sampat	https://raw.githubusercontent.com/indic-dict/stardict-sanskrit/gh-pages/sa-head/sa-entries/tars/e-bhAratI-sampat__2022-01-22_15-15-47Z__0MB.tar.gz			Sat, 22 Jan 2022 00:00:00 GMT		
san	san	ekAkSharanAmamAlA	https://raw.githubusercontent.com/indic-dict/stardict-sanskrit/gh-pages/sa-head/sa-entries/tars/ekAkSharanAmamAlA__2022-01-22_15-15-47Z__0MB.tar.gz			Sat, 22 Jan 2022 00:00:00 GMT		
san	san	jhaLkI-bhIma-nyAya-koshaH	https://raw.githubusercontent.com/indic-dict/stardict-sanskrit/gh-pages/sa-head/sa-entries/tars/jhaLkI-bhIma-nyAya-koshaH__2024-01-18_01-48-35Z__0MB.tar.gz			Thu, 18 Jan 2024 00:00:00 GMT		
san	san	kalpadruma-sa	https://raw.githubusercontent.com/indic-dict/stardict-sanskrit/gh-pages/sa-head/sa-entries/tars/kalpadruma-sa__2026-03-26_20-10-06Z__12MB.tar.gz			Thu, 26 Mar 2026 00:00:00 GMT		
san	san	laxaNa-sangraha	https://raw.githubusercontent.com/indic-dict/stardict-sanskrit/gh-pages/sa-head/sa-entries/tars/laxaNa-sangraha__2023-06-15_10-56-05Z__0MB.tar.gz			Thu, 15 Jun 2023 00:00:00 GMT		
san	san	shaiva-kosha	https://raw.githubusercontent.com/indic-dict/stardict-sanskrit/gh-pages/sa-head/sa-entries/tars/shaiva-kosha__2025-06-04_12-10-40Z__0MB.tar.gz			Wed, 04 Jun 2025 00:00:00 GMT		
san	san	upasargArthachandrikA	https://raw.githubusercontent.com/indic-dict/stardict-sanskrit/gh-pages/sa-head/sa-entries/tars/upasargArthachandrikA__2023-12-03_02-09-13Z__1MB.tar.gz			Sun, 03 Dec 2023 00:00:00 GMT		
san	san	vAchaspatyam-sa	https://raw.githubusercontent.com/indic-dict/stardict-sanskrit/gh-pages/sa-head/sa-entries/tars/vAchaspatyam-sa__2026-03-26_20-10-06Z__14MB.tar.gz			Thu, 26 Mar 2026 00:00:00 GMT		
san	san	vaiShNava-koshaH	https://raw.githubusercontent.com/indic-dict/stardict-sanskrit/gh-pages/sa-head/sa-entries/tars/vaiShNava-koshaH__2026-01-16_05-29-53Z__0MB.tar.gz			Fri, 16 Jan 2026 00:00:00 GMT		
san	hin	apte-hi	https://raw.githubusercontent.com/indic-dict/stardict-sanskrit/gh-pages/sa-head/other-indic-entries/tars/apte-hi__2023-06-16_05-43-52Z__4MB.tar.gz			Fri, 16 Jun 2023 00:00:00 GMT		
san	tam	samskritam-tamizham_dictionary	https://raw.githubusercontent.com/indic-dict/stardict-sanskrit/gh-pages/sa-head/other-indic-entries/tars/samskritam-tamizham_dictionary__2022-01-22_15-15-47Z__0MB.tar.gz			Sat, 22 Jan 2022 00:00:00 GMT		
san	tel	shabdArtha_kaustubha	https://raw.githubusercontent.com/indic-dict/stardict-sanskrit/gh-pages/sa-head/other-indic-entries/tars/shabdArtha_kaustubha__2023-06-16_05-43-52Z__5MB.tar.gz			Fri, 16 Jun 2023 00:00:00 GMT		
san	hin	vedic-rituals-hi	https://raw.githubusercontent.com/indic-dict/stardict-sanskrit/gh-pages/sa-head/other-indic-entries/tars/vedic-rituals-hi__2022-01-22_15-15-47Z__0MB.tar.gz			Sat, 22 Jan 2022 00:00:00 GMT		
san	fra	Stchoupak-Sanscrit-French	https://raw.githubusercontent.com/indic-dict/stardict-sanskrit/gh-pages/sa-head/french-entries/tars/Stchoupak-Sanscrit-French__2026-03-26_20-10-06Z__2MB.tar.gz			Thu, 26 Mar 2026 00:00:00 GMT		
san	fra	burnouf	https://raw.githubusercontent.com/indic-dict/stardict-sanskrit/gh-pages/sa-head/french-entries/tars/burnouf__2026-03-26_20-10-06Z__1MB.tar.gz			Thu, 26 Mar 2026 00:00:00 GMT		
san	fra	dictionnaire-heritage_du_sanskrit_san-fra	https://raw.githubusercontent.com/indic-dict/stardict-sanskrit/gh-pages/sa-head/french-entries/tars/dictionnaire-heritage_du_sanskrit_san-fra__2019-05-15_15-41-49Z__2MB.tar.gz			Wed, 15 May 2019 00:00:00 GMT		
san	deu	Bohtlingk-Sanskrit-Worterbuch-in-kurzerer-Fassung	https://raw.githubusercontent.com/indic-dict/stardict-sanskrit/gh-pages/sa-head/german-entries/tars/Bohtlingk-Sanskrit-Worterbuch-in-kurzerer-Fassung__2026-03-26_20-10-06Z__11MB.tar.gz			Thu, 26 Mar 2026 00:00:00 GMT		
san	deu	Bohtlingk-and-Roth-Grosses-Petersburger-Worterbuch	https://raw.githubusercontent.com/indic-dict/stardict-sanskrit/gh-pages/sa-head/german-entries/tars/Bohtlingk-and-Roth-Grosses-Petersburger-Worterbuch__2026-03-26_20-10-06Z__18MB.tar.gz			Thu, 26 Mar 2026 00:00:00 GMT		
san	deu	Schmidt-Nachtrage-zum-Sanskrit-Worterbuch	https://raw.githubusercontent.com/indic-dict/stardict-sanskrit/gh-pages/sa-head/german-entries/tars/Schmidt-Nachtrage-zum-Sanskrit-Worterbuch__2026-03-26_20-10-06Z__1MB.tar.gz			Thu, 26 Mar 2026 00:00:00 GMT		
san	deu	capeller-sanskrit-german	https://raw.githubusercontent.com/indic-dict/stardict-sanskrit/gh-pages/sa-head/german-entries/tars/capeller-sanskrit-german__2026-03-26_20-10-06Z__1MB.tar.gz			Thu, 26 Mar 2026 00:00:00 GMT		
san	deu	grassman-sanskrit-german	https://raw.githubusercontent.com/indic-dict/stardict-sanskrit/gh-pages/sa-head/german-entries/tars/grassman-sanskrit-german__2026-03-26_20-10-06Z__2MB.tar.gz			Thu, 26 Mar 2026 00:00:00 GMT		
san	lat	bopp	https://raw.githubusercontent.com/indic-dict/stardict-sanskrit/gh-pages/sa-head/other-entries/tars/bopp__2026-03-26_20-10-06Z__1MB.tar.gz			Thu, 26 Mar 2026 00:00:00 GMT		
san	rus	frish	https://raw.githubusercontent.com/indic-dict/stardict-sanskrit/gh-pages/sa-head/other-entries/tars/frish__2026-03-26_20-10-06Z__0MB.tar.gz			Thu, 26 Mar 2026 00:00:00 GMT		
san	cze	frish	https://raw.githubusercontent.com/indic-dict/stardict-sanskrit/gh-pages/sa-head/other-entries/tars/frish__2026-03-26_20-10-06Z__0MB.tar.gz			Thu, 26 Mar 2026 00:00:00 GMT		
san	eng	frish	https://raw.githubusercontent.com/indic-dict/stardict-sanskrit/gh-pages/sa-head/other-entries/tars/frish__2026-03-26_20-10-06Z__0MB.tar.gz			Thu, 26 Mar 2026 00:00:00 GMT		
san	eng	MT-paribhAShA	https://raw.githubusercontent.com/indic-dict/stardict-sanskrit/gh-pages/sa-head/en-entries/tars/MT-paribhAShA__2026-03-20_11-27-14Z__0MB.tar.gz			Fri, 20 Mar 2026 00:00:00 GMT		
san	eng	Meulenbeld-Sanskrit-Names-of-Plants	https://raw.githubusercontent.com/indic-dict/stardict-sanskrit/gh-pages/sa-head/en-entries/tars/Meulenbeld-Sanskrit-Names-of-Plants__2026-03-26_20-10-06Z__0MB.tar.gz			Thu, 26 Mar 2026 00:00:00 GMT		
san	eng	Personal-and-Geographical-Names-in-the-Gupta-Inscriptions	https://raw.githubusercontent.com/indic-dict/stardict-sanskrit/gh-pages/sa-head/en-entries/tars/Personal-and-Geographical-Names-in-the-Gupta-Inscriptions__2026-03-26_20-10-06Z__0MB.tar.gz			Thu, 26 Mar 2026 00:00:00 GMT		
san	eng	Vedic-Index-of-Names-and-Subjects	https://raw.githubusercontent.com/indic-dict/stardict-sanskrit/gh-pages/sa-head/en-entries/tars/Vedic-Index-of-Names-and-Subjects__2026-03-26_20-10-06Z__1MB.tar.gz			Thu, 26 Mar 2026 00:00:00 GMT		
san	eng	apte-1890	https://raw.githubusercontent.com/indic-dict/stardict-sanskrit/gh-pages/sa-head/en-entries/tars/apte-1890__2026-03-26_20-10-06Z__4MB.tar.gz			Thu, 26 Mar 2026 00:00:00 GMT		
san	eng	apte-1957	https://raw.githubusercontent.com/indic-dict/stardict-sanskrit/gh-pages/sa-head/en-entries/tars/apte-1957__2026-03-26_20-10-06Z__6MB.tar.gz			Thu, 26 Mar 2026 00:00:00 GMT		
san	eng	apte-sa	https://raw.githubusercontent.com/indic-dict/stardict-sanskrit/gh-pages/sa-head/en-entries/tars/apte-sa__2022-01-22_15-15-47Z__6MB.tar.gz			Sat, 22 Jan 2022 00:00:00 GMT		
san	eng	aufrecht-catalogus-catalogorum	https://raw.githubusercontent.com/indic-dict/stardict-sanskrit/gh-pages/sa-head/en-entries/tars/aufrecht-catalogus-catalogorum__2026-03-26_20-10-06Z__3MB.tar.gz			Thu, 26 Mar 2026 00:00:00 GMT		
san	eng	benfey	https://raw.githubusercontent.com/indic-dict/stardict-sanskrit/gh-pages/sa-head/en-entries/tars/benfey__2026-03-26_20-10-06Z__2MB.tar.gz			Thu, 26 Mar 2026 00:00:00 GMT		
san	eng	capeller-sanskrit-english	https://raw.githubusercontent.com/indic-dict/stardict-sanskrit/gh-pages/sa-head/en-entries/tars/capeller-sanskrit-english__2026-03-26_20-10-06Z__2MB.tar.gz			Thu, 26 Mar 2026 00:00:00 GMT		
san	eng	edgerton-buddhist-hybrid	https://raw.githubusercontent.com/indic-dict/stardict-sanskrit/gh-pages/sa-head/en-entries/tars/edgerton-buddhist-hybrid__2026-03-26_20-10-06Z__2MB.tar.gz			Thu, 26 Mar 2026 00:00:00 GMT		
san	eng	goldstucker	https://raw.githubusercontent.com/indic-dict/stardict-sanskrit/gh-pages/sa-head/en-entries/tars/goldstucker__2026-03-26_20-10-06Z__1MB.tar.gz			Thu, 26 Mar 2026 00:00:00 GMT		
san	eng	indian-epigraphical-glossary	https://raw.githubusercontent.com/indic-dict/stardict-sanskrit/gh-pages/sa-head/en-entries/tars/indian-epigraphical-glossary__2026-03-26_20-10-06Z__0MB.tar.gz			Thu, 26 Mar 2026 00:00:00 GMT		
san	eng	lanman	https://raw.githubusercontent.com/indic-dict/stardict-sanskrit/gh-pages/sa-head/en-entries/tars/lanman__2026-03-26_20-10-06Z__0MB.tar.gz			Thu, 26 Mar 2026 00:00:00 GMT		
san	eng	laukika-nyAya-kosha	https://raw.githubusercontent.com/indic-dict/stardict-sanskrit/gh-pages/sa-head/en-entries/tars/laukika-nyAya-kosha__2023-06-16_05-25-44Z__0MB.tar.gz			Fri, 16 Jun 2023 00:00:00 GMT		
san	eng	lr-vaidya	https://raw.githubusercontent.com/indic-dict/stardict-sanskrit/gh-pages/sa-head/en-entries/tars/lr-vaidya__2022-09-19_17-45-43Z__2MB.tar.gz			Mon, 19 Sep 2022 00:00:00 GMT		
san	eng	macdonell	https://raw.githubusercontent.com/indic-dict/stardict-sanskrit/gh-pages/sa-head/en-entries/tars/macdonell__2026-03-26_20-10-06Z__2MB.tar.gz			Thu, 26 Mar 2026 00:00:00 GMT		
san	eng	mayrhofer	https://raw.githubusercontent.com/indic-dict/stardict-sanskrit/gh-pages/sa-head/en-entries/tars/mayrhofer__2022-03-29_17-09-33Z__2MB.tar.gz			Tue, 29 Mar 2022 00:00:00 GMT		
san	eng	mw-1872	https://raw.githubusercontent.com/indic-dict/stardict-sanskrit/gh-pages/sa-head/en-entries/tars/mw-1872__2026-03-26_20-10-06Z__7MB.tar.gz			Thu, 26 Mar 2026 00:00:00 GMT		
san	eng	mw-cologne	https://raw.githubusercontent.com/indic-dict/stardict-sanskrit/gh-pages/sa-head/en-entries/tars/mw-cologne__2026-03-26_20-10-06Z__15MB.tar.gz			Thu, 26 Mar 2026 00:00:00 GMT		
san	eng	pract	https://raw.githubusercontent.com/indic-dict/stardict-sanskrit/gh-pages/sa-head/en-entries/tars/pract__2022-03-31_08-56-03Z__5MB.tar.gz			Thu, 31 Mar 2022 00:00:00 GMT		
san	eng	pund_v1	https://raw.githubusercontent.com/indic-dict/stardict-sanskrit/gh-pages/sa-head/en-entries/tars/pund_v1__2022-03-31_08-56-03Z__22MB.tar.gz			Thu, 31 Mar 2022 00:00:00 GMT		
san	eng	rAhula-coinages	https://raw.githubusercontent.com/indic-dict/stardict-sanskrit/gh-pages/sa-head/en-entries/tars/rAhula-coinages__2024-07-24_14-40-27Z__0MB.tar.gz			Wed, 24 Jul 2024 00:00:00 GMT		
san	eng	shabda-sAgara	https://raw.githubusercontent.com/indic-dict/stardict-sanskrit/gh-pages/sa-head/en-entries/tars/shabda-sAgara__2026-03-26_20-10-06Z__4MB.tar.gz			Thu, 26 Mar 2026 00:00:00 GMT		
san	eng	spokensanskrit	https://raw.githubusercontent.com/indic-dict/stardict-sanskrit/gh-pages/sa-head/en-entries/tars/spokensanskrit__2023-11-17_13-41-19Z__11MB.tar.gz			Fri, 17 Nov 2023 00:00:00 GMT		
san	eng	vaidya	https://raw.githubusercontent.com/indic-dict/stardict-sanskrit/gh-pages/sa-head/en-entries/tars/vaidya__2026-03-26_20-10-06Z__3MB.tar.gz			Thu, 26 Mar 2026 00:00:00 GMT		
san	eng	whitney-roots	https://raw.githubusercontent.com/indic-dict/stardict-sanskrit/gh-pages/sa-head/en-entries/tars/whitney-roots__2024-07-31_07-04-20Z__0MB.tar.gz			Wed, 31 Jul 2024 00:00:00 GMT		
san	eng	wilson	https://raw.githubusercontent.com/indic-dict/stardict-sanskrit/gh-pages/sa-head/en-entries/tars/wilson__2026-03-26_20-10-06Z__3MB.tar.gz			Thu, 26 Mar 2026 00:00:00 GMT		
san	eng	yates	https://raw.githubusercontent.com/indic-dict/stardict-sanskrit/gh-pages/sa-head/en-entries/tars/yates__2026-03-26_20-10-06Z__2MB.tar.gz			Thu, 26 Mar 2026 00:00:00 GMT		
eng	san	apte-bi	https://raw.githubusercontent.com/indic-dict/stardict-sanskrit/gh-pages/en-head/tars/apte-bi__2019-01-12_05-13-52Z__6MB.tar.gz			Sat, 12 Jan 2019 00:00:00 GMT		
eng	san	apte-english-sanskrit-cologne	https://raw.githubusercontent.com/indic-dict/stardict-sanskrit/gh-pages/en-head/tars/apte-english-sanskrit-cologne__2026-03-26_20-10-06Z__1MB.tar.gz			Thu, 26 Mar 2026 00:00:00 GMT		
eng	san	borooah	https://raw.githubusercontent.com/indic-dict/stardict-sanskrit/gh-pages/en-head/tars/borooah__2026-03-26_20-10-06Z__1MB.tar.gz			Thu, 26 Mar 2026 00:00:00 GMT		
eng	san	computer-shrIkAnta	https://raw.githubusercontent.com/indic-dict/stardict-sanskrit/gh-pages/en-head/tars/computer-shrIkAnta__2023-11-13_00-50-09Z__0MB.tar.gz			Mon, 13 Nov 2023 00:00:00 GMT		
eng	san	mw-english-sanskrit	https://raw.githubusercontent.com/indic-dict/stardict-sanskrit/gh-pages/en-head/tars/mw-english-sanskrit__2026-03-26_20-10-06Z__3MB.tar.gz			Thu, 26 Mar 2026 00:00:00 GMT		
san	san	Chandas	https://raw.githubusercontent.com/indic-dict/stardict-sanskrit-kAvya/gh-pages/tars/Chandas__2022-07-27_02-22-59Z__0MB.tar.gz			Wed, 27 Jul 2022 00:00:00 GMT		
san	san	av-padasvara	https://raw.githubusercontent.com/indic-dict/stardict-sanskrit-kAvya/gh-pages/tars/av-padasvara__2023-03-20_04-22-28Z__0MB.tar.gz			Mon, 20 Mar 2023 00:00:00 GMT		
san	san	bloomfield-vedic-sa	https://raw.githubusercontent.com/indic-dict/stardict-sanskrit-kAvya/gh-pages/tars/bloomfield-vedic-sa__2022-01-22_15-15-24Z__4MB.tar.gz			Sat, 22 Jan 2022 00:00:00 GMT		
san	san	buddhist-mahAvyutpatti	https://raw.githubusercontent.com/indic-dict/stardict-sanskrit-kAvya/gh-pages/tars/buddhist-mahAvyutpatti__2022-01-22_15-15-24Z__0MB.tar.gz			Sat, 22 Jan 2022 00:00:00 GMT		
san	san	buddhist-pentaglot	https://raw.githubusercontent.com/indic-dict/stardict-sanskrit-kAvya/gh-pages/tars/buddhist-pentaglot__2022-01-22_15-15-24Z__0MB.tar.gz			Sat, 22 Jan 2022 00:00:00 GMT		
san	san	dcs-frequency	https://raw.githubusercontent.com/indic-dict/stardict-sanskrit-kAvya/gh-pages/tars/dcs-frequency__2022-01-22_15-15-24Z__5MB.tar.gz			Sat, 22 Jan 2022 00:00:00 GMT		
san	san	index-names-mahabharata	https://raw.githubusercontent.com/indic-dict/stardict-sanskrit-kAvya/gh-pages/tars/index-names-mahabharata__2023-07-27_09-39-36Z__2MB.tar.gz			Thu, 27 Jul 2023 00:00:00 GMT		
san	san	kyv-ts-padasvara	https://raw.githubusercontent.com/indic-dict/stardict-sanskrit-kAvya/gh-pages/tars/kyv-ts-padasvara__2022-01-22_15-15-24Z__0MB.tar.gz			Sat, 22 Jan 2022 00:00:00 GMT		
san	san	mahAbhArata-kRShNAchArya	https://raw.githubusercontent.com/indic-dict/stardict-sanskrit-kAvya/gh-pages/tars/mahAbhArata-kRShNAchArya__2023-06-27_12-12-47Z__0MB.tar.gz			Tue, 27 Jun 2023 00:00:00 GMT		
san	san	mahabharata_cultural_index	https://raw.githubusercontent.com/indic-dict/stardict-sanskrit-kAvya/gh-pages/tars/mahabharata_cultural_index__2023-07-27_09-39-36Z__1MB.tar.gz			Thu, 27 Jul 2023 00:00:00 GMT		
san	san	ncc	https://raw.githubusercontent.com/indic-dict/stardict-sanskrit-kAvya/gh-pages/tars/ncc__2022-01-22_15-15-24Z__15MB.tar.gz			Sat, 22 Jan 2022 00:00:00 GMT		
san	san	purANa-encyclopedia	https://raw.githubusercontent.com/indic-dict/stardict-sanskrit-kAvya/gh-pages/tars/purANa-encyclopedia__2023-07-27_09-39-36Z__4MB.tar.gz			Thu, 27 Jul 2023 00:00:00 GMT		
san	san	purANa-index-dev	https://raw.githubusercontent.com/indic-dict/stardict-sanskrit-kAvya/gh-pages/tars/purANa-index-dev__2023-07-27_09-39-36Z__1MB.tar.gz			Thu, 27 Jul 2023 00:00:00 GMT		
san	san	rAnADe-vedic-rituals	https://raw.githubusercontent.com/indic-dict/stardict-sanskrit-kAvya/gh-pages/tars/rAnADe-vedic-rituals__2024-01-01_14-24-34Z__0MB.tar.gz			Mon, 01 Jan 2024 00:00:00 GMT		
san	san	rkmath_encyclopedia_of_hinduism	https://raw.githubusercontent.com/indic-dict/stardict-sanskrit-kAvya/gh-pages/tars/rkmath_encyclopedia_of_hinduism__2023-07-27_09-39-36Z__2MB.tar.gz			Thu, 27 Jul 2023 00:00:00 GMT		
san	san	rv-padapATha-dev	https://raw.githubusercontent.com/indic-dict/stardict-sanskrit-kAvya/gh-pages/tars/rv-padapATha-dev__2022-01-22_15-15-24Z__2MB.tar.gz			Sat, 22 Jan 2022 00:00:00 GMT		
san	san	rv-padasvara-dev	https://raw.githubusercontent.com/indic-dict/stardict-sanskrit-kAvya/gh-pages/tars/rv-padasvara-dev__2022-01-22_15-15-24Z__1MB.tar.gz			Sat, 22 Jan 2022 00:00:00 GMT		
san	san	vedic_index	https://raw.githubusercontent.com/indic-dict/stardict-sanskrit-kAvya/gh-pages/tars/vedic_index__2023-07-27_09-39-36Z__1MB.tar.gz			Thu, 27 Jul 2023 00:00:00 GMT		
san	san	WHO_Ayurveda-terms	https://raw.githubusercontent.com/indic-dict/stardict-ayurveda/gh-pages/tars/WHO_Ayurveda-terms__2023-02-01_02-45-46Z__0MB.tar.gz			Wed, 01 Feb 2023 00:00:00 GMT		
san	san	WHO_NIA_non-clinical_draft	https://raw.githubusercontent.com/indic-dict/stardict-ayurveda/gh-pages/tars/WHO_NIA_non-clinical_draft__2023-02-01_02-45-46Z__0MB.tar.gz			Wed, 01 Feb 2023 00:00:00 GMT		
san	san	abhidhaanamanjarii	https://raw.githubusercontent.com/indic-dict/stardict-ayurveda/gh-pages/tars/abhidhaanamanjarii__2023-06-16_05-43-51Z__0MB.tar.gz			Fri, 16 Jun 2023 00:00:00 GMT		
san	san	AkhyAtachandrikA	https://raw.githubusercontent.com/indic-dict/stardict-sanskrit-vyAkaraNa/gh-pages/dhAtu/tars/AkhyAtachandrikA__2023-12-01_12-22-33Z__0MB.tar.gz			Fri, 01 Dec 2023 00:00:00 GMT		
san	san	dhAtu-pATha-kRShNAchArya	https://raw.githubusercontent.com/indic-dict/stardict-sanskrit-vyAkaraNa/gh-pages/dhAtu/tars/dhAtu-pATha-kRShNAchArya__2023-12-01_12-22-33Z__0MB.tar.gz			Fri, 01 Dec 2023 00:00:00 GMT		
san	san	dhAtupATha-sa	https://raw.githubusercontent.com/indic-dict/stardict-sanskrit-vyAkaraNa/gh-pages/dhAtu/tars/dhAtupATha-sa__2023-12-01_12-22-33Z__0MB.tar.gz			Fri, 01 Dec 2023 00:00:00 GMT		
san	san	dhAtupAThaH_sasvaraH	https://raw.githubusercontent.com/indic-dict/stardict-sanskrit-vyAkaraNa/gh-pages/dhAtu/tars/dhAtupAThaH_sasvaraH__2023-12-01_12-22-33Z__0MB.tar.gz			Fri, 01 Dec 2023 00:00:00 GMT		
san	san	dhAtupradIpa	https://raw.githubusercontent.com/indic-dict/stardict-sanskrit-vyAkaraNa/gh-pages/dhAtu/tars/dhAtupradIpa__2023-12-01_12-22-33Z__0MB.tar.gz			Fri, 01 Dec 2023 00:00:00 GMT		
san	san	kShIratarangiNI	https://raw.githubusercontent.com/indic-dict/stardict-sanskrit-vyAkaraNa/gh-pages/dhAtu/tars/kShIratarangiNI__2023-12-01_12-22-33Z__0MB.tar.gz			Fri, 01 Dec 2023 00:00:00 GMT		
san	san	mAdhavIya-dhAtu-vRtti	https://raw.githubusercontent.com/indic-dict/stardict-sanskrit-vyAkaraNa/gh-pages/dhAtu/tars/mAdhavIya-dhAtu-vRtti__2023-12-01_12-22-33Z__0MB.tar.gz			Fri, 01 Dec 2023 00:00:00 GMT		
san	san	Bucknell_Skt_Manual	https://raw.githubusercontent.com/indic-dict/stardict-sanskrit-vyAkaraNa/gh-pages/misc/tars/Bucknell_Skt_Manual__2023-12-01_12-22-33Z__0MB.tar.gz			Fri, 01 Dec 2023 00:00:00 GMT		
san	san	abhyankara-grammar	https://raw.githubusercontent.com/indic-dict/stardict-sanskrit-vyAkaraNa/gh-pages/misc/tars/abhyankara-grammar__2023-12-01_12-22-33Z__0MB.tar.gz			Fri, 01 Dec 2023 00:00:00 GMT		
san	san	aShTAdhyAyI-anuvRtti	https://raw.githubusercontent.com/indic-dict/stardict-sanskrit-vyAkaraNa/gh-pages/aShTAdhyAyI/tars/aShTAdhyAyI-anuvRtti__2023-12-01_12-22-33Z__0MB.tar.gz			Fri, 01 Dec 2023 00:00:00 GMT		
san	san	aShTAdhyAyI-english	https://raw.githubusercontent.com/indic-dict/stardict-sanskrit-vyAkaraNa/gh-pages/aShTAdhyAyI/tars/aShTAdhyAyI-english__2023-12-01_12-22-33Z__0MB.tar.gz			Fri, 01 Dec 2023 00:00:00 GMT		
san	san	gaNapAThaH	https://raw.githubusercontent.com/indic-dict/stardict-sanskrit-vyAkaraNa/gh-pages/aShTAdhyAyI/tars/gaNapAThaH__2023-12-01_12-22-33Z__0MB.tar.gz			Fri, 01 Dec 2023 00:00:00 GMT		
san	san	kashika	https://raw.githubusercontent.com/indic-dict/stardict-sanskrit-vyAkaraNa/gh-pages/aShTAdhyAyI/tars/kashika__2023-12-01_12-22-33Z__1MB.tar.gz			Fri, 01 Dec 2023 00:00:00 GMT		
san	san	kRdanta-rUpa-mAlA	https://raw.githubusercontent.com/indic-dict/stardict-sanskrit-vyAkaraNa/gh-pages/kRdanta/misc/tars/kRdanta-rUpa-mAlA__2025-10-12_13-33-13Z__2MB.tar.gz			Sun, 12 Oct 2025 00:00:00 GMT		
san	san	kRdanta-sa	https://raw.githubusercontent.com/indic-dict/stardict-sanskrit-vyAkaraNa/gh-pages/kRdanta/misc/tars/kRdanta-sa__2025-01-07_11-24-34Z__0MB.tar.gz			Tue, 07 Jan 2025 00:00:00 GMT		
san	san	puShpA-ArdhadhAtuka	https://raw.githubusercontent.com/indic-dict/stardict-sanskrit-vyAkaraNa/gh-pages/kRdanta/misc/tars/puShpA-ArdhadhAtuka__2025-01-07_11-24-34Z__0MB.tar.gz			Tue, 07 Jan 2025 00:00:00 GMT		
san	san	vidyut-Nic-kRdanta	https://raw.githubusercontent.com/indic-dict/stardict-sanskrit-vyAkaraNa/gh-pages/kRdanta/vidyut/tars/vidyut-Nic-kRdanta__2025-01-11_15-04-16Z__0MB.tar.gz			Sat, 11 Jan 2025 00:00:00 GMT		
san	san	vidyut-Nic-san-kRdanta	https://raw.githubusercontent.com/indic-dict/stardict-sanskrit-vyAkaraNa/gh-pages/kRdanta/vidyut/tars/vidyut-Nic-san-kRdanta__2025-01-11_15-04-16Z__1MB.tar.gz			Sat, 11 Jan 2025 00:00:00 GMT		
san	san	vidyut-kRdanta	https://raw.githubusercontent.com/indic-dict/stardict-sanskrit-vyAkaraNa/gh-pages/kRdanta/vidyut/tars/vidyut-kRdanta__2025-01-11_15-04-16Z__0MB.tar.gz			Sat, 11 Jan 2025 00:00:00 GMT		
san	san	vidyut-san-Nic-kRdanta	https://raw.githubusercontent.com/indic-dict/stardict-sanskrit-vyAkaraNa/gh-pages/kRdanta/vidyut/tars/vidyut-san-Nic-kRdanta__2025-01-11_15-04-16Z__1MB.tar.gz			Sat, 11 Jan 2025 00:00:00 GMT		
san	san	vidyut-san-kRdanta	https://raw.githubusercontent.com/indic-dict/stardict-sanskrit-vyAkaraNa/gh-pages/kRdanta/vidyut/tars/vidyut-san-kRdanta__2025-01-11_15-04-16Z__1MB.tar.gz			Sat, 11 Jan 2025 00:00:00 GMT		
san	san	vidyut-yaN-kRdanta	https://raw.githubusercontent.com/indic-dict/stardict-sanskrit-vyAkaraNa/gh-pages/kRdanta/vidyut/tars/vidyut-yaN-kRdanta__2025-01-11_15-04-16Z__0MB.tar.gz			Sat, 11 Jan 2025 00:00:00 GMT		
san	san	vidyut-yaNluk-kRdanta	https://raw.githubusercontent.com/indic-dict/stardict-sanskrit-vyAkaraNa/gh-pages/kRdanta/vidyut/tars/vidyut-yaNluk-kRdanta__2025-01-11_15-04-16Z__1MB.tar.gz			Sat, 11 Jan 2025 00:00:00 GMT		
san	san	vidyut-taddhitAnta-a	https://raw.githubusercontent.com/indic-dict/stardict-sanskrit-vyAkaraNa/gh-pages/taddhitAnta/vidyut_ach/tars/vidyut-taddhitAnta-a__2025-01-11_15-04-16Z__11MB.tar.gz			Sat, 11 Jan 2025 00:00:00 GMT		
san	san	vidyut-taddhitAnta-i	https://raw.githubusercontent.com/indic-dict/stardict-sanskrit-vyAkaraNa/gh-pages/taddhitAnta/vidyut_ach/tars/vidyut-taddhitAnta-i__2025-01-11_15-04-16Z__0MB.tar.gz			Sat, 11 Jan 2025 00:00:00 GMT		
san	san	vidyut-taddhitAnta-uch	https://raw.githubusercontent.com/indic-dict/stardict-sanskrit-vyAkaraNa/gh-pages/taddhitAnta/vidyut_ach/tars/vidyut-taddhitAnta-uch__2025-01-11_15-04-16Z__3MB.tar.gz			Sat, 11 Jan 2025 00:00:00 GMT		
san	san	vidyut-taddhitAnta-Tu	https://raw.githubusercontent.com/indic-dict/stardict-sanskrit-vyAkaraNa/gh-pages/taddhitAnta/vidyut_kcTtp/tars/vidyut-taddhitAnta-Tu__2025-01-13_03-00-01Z__0MB.tar.gz			Mon, 13 Jan 2025 00:00:00 GMT		
san	san	vidyut-taddhitAnta-b	https://raw.githubusercontent.com/indic-dict/stardict-sanskrit-vyAkaraNa/gh-pages/taddhitAnta/vidyut_kcTtp/tars/vidyut-taddhitAnta-b__2025-01-13_03-00-01Z__11MB.tar.gz			Mon, 13 Jan 2025 00:00:00 GMT		
san	san	vidyut-taddhitAnta-chu	https://raw.githubusercontent.com/indic-dict/stardict-sanskrit-vyAkaraNa/gh-pages/taddhitAnta/vidyut_kcTtp/tars/vidyut-taddhitAnta-chu__2025-01-13_03-00-01Z__4MB.tar.gz			Mon, 13 Jan 2025 00:00:00 GMT		
san	san	vidyut-taddhitAnta-ku	https://raw.githubusercontent.com/indic-dict/stardict-sanskrit-vyAkaraNa/gh-pages/taddhitAnta/vidyut_kcTtp/tars/vidyut-taddhitAnta-ku__2025-01-13_03-00-01Z__11MB.tar.gz			Mon, 13 Jan 2025 00:00:00 GMT		
san	san	vidyut-taddhitAnta-p	https://raw.githubusercontent.com/indic-dict/stardict-sanskrit-vyAkaraNa/gh-pages/taddhitAnta/vidyut_kcTtp/tars/vidyut-taddhitAnta-p__2025-01-13_03-00-01Z__11MB.tar.gz			Mon, 13 Jan 2025 00:00:00 GMT		
san	san	vidyut-taddhitAnta-tu1	https://raw.githubusercontent.com/indic-dict/stardict-sanskrit-vyAkaraNa/gh-pages/taddhitAnta/vidyut_kcTtp/tars/vidyut-taddhitAnta-tu1__2025-01-13_03-00-01Z__13MB.tar.gz			Mon, 13 Jan 2025 00:00:00 GMT		
san	san	vidyut-taddhitAnta-hal	https://raw.githubusercontent.com/indic-dict/stardict-sanskrit-vyAkaraNa/gh-pages/taddhitAnta/vidyut_yal/tars/vidyut-taddhitAnta-hal__2025-01-13_03-00-01Z__2MB.tar.gz			Mon, 13 Jan 2025 00:00:00 GMT		
san	san	vidyut-taddhitAnta-lv	https://raw.githubusercontent.com/indic-dict/stardict-sanskrit-vyAkaraNa/gh-pages/taddhitAnta/vidyut_yal/tars/vidyut-taddhitAnta-lv__2025-01-13_03-00-01Z__1MB.tar.gz			Mon, 13 Jan 2025 00:00:00 GMT		
san	san	vidyut-taddhitAnta-s	https://raw.githubusercontent.com/indic-dict/stardict-sanskrit-vyAkaraNa/gh-pages/taddhitAnta/vidyut_yal/tars/vidyut-taddhitAnta-s__2025-01-13_03-00-01Z__13MB.tar.gz			Mon, 13 Jan 2025 00:00:00 GMT		
san	san	vidyut-taddhitAnta-sh	https://raw.githubusercontent.com/indic-dict/stardict-sanskrit-vyAkaraNa/gh-pages/taddhitAnta/vidyut_yal/tars/vidyut-taddhitAnta-sh__2025-01-13_03-00-01Z__6MB.tar.gz			Mon, 13 Jan 2025 00:00:00 GMT		
san	san	vidyut-taddhitAnta-yr	https://raw.githubusercontent.com/indic-dict/stardict-sanskrit-vyAkaraNa/gh-pages/taddhitAnta/vidyut_yal/tars/vidyut-taddhitAnta-yr__2025-01-13_03-00-01Z__5MB.tar.gz			Mon, 13 Jan 2025 00:00:00 GMT		
san	san	vidyut-subanta-Tu	https://raw.githubusercontent.com/indic-dict/stardict-sanskrit-vyAkaraNa/gh-pages/subanta/vidyut/tars/vidyut-subanta-Tu__2025-01-23_04-22-56Z__0MB.tar.gz			Thu, 23 Jan 2025 00:00:00 GMT		
san	san	vidyut-subanta-a	https://raw.githubusercontent.com/indic-dict/stardict-sanskrit-vyAkaraNa/gh-pages/subanta/vidyut/tars/vidyut-subanta-a__2025-01-23_04-22-56Z__6MB.tar.gz			Thu, 23 Jan 2025 00:00:00 GMT		
san	san	vidyut-subanta-chu	https://raw.githubusercontent.com/indic-dict/stardict-sanskrit-vyAkaraNa/gh-pages/subanta/vidyut/tars/vidyut-subanta-chu__2025-01-23_04-22-56Z__1MB.tar.gz			Thu, 23 Jan 2025 00:00:00 GMT		
san	san	vidyut-subanta-i	https://raw.githubusercontent.com/indic-dict/stardict-sanskrit-vyAkaraNa/gh-pages/subanta/vidyut/tars/vidyut-subanta-i__2025-01-23_04-22-56Z__0MB.tar.gz			Thu, 23 Jan 2025 00:00:00 GMT		
san	san	vidyut-subanta-ku	https://raw.githubusercontent.com/indic-dict/stardict-sanskrit-vyAkaraNa/gh-pages/subanta/vidyut/tars/vidyut-subanta-ku__2025-01-23_04-22-56Z__4MB.tar.gz			Thu, 23 Jan 2025 00:00:00 GMT		
san	san	vidyut-subanta-pu	https://raw.githubusercontent.com/indic-dict/stardict-sanskrit-vyAkaraNa/gh-pages/subanta/vidyut/tars/vidyut-subanta-pu__2025-01-23_04-22-56Z__11MB.tar.gz			Thu, 23 Jan 2025 00:00:00 GMT		
san	san	vidyut-subanta-shal	https://raw.githubusercontent.com/indic-dict/stardict-sanskrit-vyAkaraNa/gh-pages/subanta/vidyut/tars/vidyut-subanta-shal__2025-01-23_04-22-56Z__11MB.tar.gz			Thu, 23 Jan 2025 00:00:00 GMT		
san	san	vidyut-subanta-tu1	https://raw.githubusercontent.com/indic-dict/stardict-sanskrit-vyAkaraNa/gh-pages/subanta/vidyut/tars/vidyut-subanta-tu1__2025-01-23_04-22-56Z__6MB.tar.gz			Thu, 23 Jan 2025 00:00:00 GMT		
san	san	vidyut-subanta-uch	https://raw.githubusercontent.com/indic-dict/stardict-sanskrit-vyAkaraNa/gh-pages/subanta/vidyut/tars/vidyut-subanta-uch__2025-01-23_04-22-56Z__2MB.tar.gz			Thu, 23 Jan 2025 00:00:00 GMT		
san	san	vidyut-subanta-yrlv	https://raw.githubusercontent.com/indic-dict/stardict-sanskrit-vyAkaraNa/gh-pages/subanta/vidyut/tars/vidyut-subanta-yrlv__2025-01-23_04-22-56Z__7MB.tar.gz			Thu, 23 Jan 2025 00:00:00 GMT		
san	san	vidyut-Nic-san-tiN-akartari	https://raw.githubusercontent.com/indic-dict/stardict-sanskrit-vyAkaraNa/gh-pages/tiNanta/vidyut/tars/vidyut-Nic-san-tiN-akartari__2025-01-11_15-04-16Z__5MB.tar.gz			Sat, 11 Jan 2025 00:00:00 GMT		
san	san	vidyut-Nic-tiN-akartari	https://raw.githubusercontent.com/indic-dict/stardict-sanskrit-vyAkaraNa/gh-pages/tiNanta/vidyut/tars/vidyut-Nic-tiN-akartari__2025-01-11_15-04-16Z__5MB.tar.gz			Sat, 11 Jan 2025 00:00:00 GMT		
san	san	vidyut-san-Nic-tiN-akartari	https://raw.githubusercontent.com/indic-dict/stardict-sanskrit-vyAkaraNa/gh-pages/tiNanta/vidyut/tars/vidyut-san-Nic-tiN-akartari__2025-01-11_15-04-16Z__7MB.tar.gz			Sat, 11 Jan 2025 00:00:00 GMT		
san	san	vidyut-san-akartari	https://raw.githubusercontent.com/indic-dict/stardict-sanskrit-vyAkaraNa/gh-pages/tiNanta/vidyut/tars/vidyut-san-akartari__2024-12-30_02-39-48Z__4MB.tar.gz			Mon, 30 Dec 2024 00:00:00 GMT		
san	san	vidyut-san-tiN-akartari	https://raw.githubusercontent.com/indic-dict/stardict-sanskrit-vyAkaraNa/gh-pages/tiNanta/vidyut/tars/vidyut-san-tiN-akartari__2025-01-11_15-04-16Z__6MB.tar.gz			Sat, 11 Jan 2025 00:00:00 GMT		
san	san	vidyut-tiN-akartari	https://raw.githubusercontent.com/indic-dict/stardict-sanskrit-vyAkaraNa/gh-pages/tiNanta/vidyut/tars/vidyut-tiN-akartari__2025-01-11_15-04-16Z__4MB.tar.gz			Sat, 11 Jan 2025 00:00:00 GMT		
san	san	vidyut-yaN-akartari	https://raw.githubusercontent.com/indic-dict/stardict-sanskrit-vyAkaraNa/gh-pages/tiNanta/vidyut/tars/vidyut-yaN-akartari__2024-12-30_02-39-48Z__3MB.tar.gz			Mon, 30 Dec 2024 00:00:00 GMT		
san	san	vidyut-yaN-luk-akartari	https://raw.githubusercontent.com/indic-dict/stardict-sanskrit-vyAkaraNa/gh-pages/tiNanta/vidyut/tars/vidyut-yaN-luk-akartari__2024-12-30_02-39-48Z__4MB.tar.gz			Mon, 30 Dec 2024 00:00:00 GMT		
san	san	vidyut-yaN-luk-tiN-akartari	https://raw.githubusercontent.com/indic-dict/stardict-sanskrit-vyAkaraNa/gh-pages/tiNanta/vidyut/tars/vidyut-yaN-luk-tiN-akartari__2025-01-12_07-27-02Z__5MB.tar.gz			Sun, 12 Jan 2025 00:00:00 GMT		
san	san	vidyut-yaN-tiN-akartari	https://raw.githubusercontent.com/indic-dict/stardict-sanskrit-vyAkaraNa/gh-pages/tiNanta/vidyut/tars/vidyut-yaN-tiN-akartari__2025-01-12_07-27-02Z__4MB.tar.gz			Sun, 12 Jan 2025 00:00:00 GMT		
san	san	jnu-tiNanta	https://raw.githubusercontent.com/indic-dict/stardict-sanskrit-vyAkaraNa/gh-pages/tiNanta/misc/tars/jnu-tiNanta__2023-12-01_12-22-33Z__0MB.tar.gz			Fri, 01 Dec 2023 00:00:00 GMT		
hin	eng	bahri	https://raw.githubusercontent.com/indic-dict/stardict-hindi/gh-pages/hi-head/en-entries/tars/bahri__2022-01-22_15-16-42Z__1MB.tar.gz			Sat, 22 Jan 2022 00:00:00 GMT		
hin	eng	caturvedi	https://raw.githubusercontent.com/indic-dict/stardict-hindi/gh-pages/hi-head/en-entries/tars/caturvedi__2022-01-22_15-16-42Z__1MB.tar.gz			Sat, 22 Jan 2022 00:00:00 GMT		
hin	eng	hi-shabdasAgar	https://raw.githubusercontent.com/indic-dict/stardict-hindi/gh-pages/hi-head/en-entries/tars/hi-shabdasAgar__2022-01-22_15-16-42Z__13MB.tar.gz			Sat, 22 Jan 2022 00:00:00 GMT		
hin	hin	avadhI-shabda-kosha	https://raw.githubusercontent.com/indic-dict/stardict-hindi/gh-pages/hi-head/hi-entries/tars/avadhI-shabda-kosha__2026-01-14_02-36-22Z__0MB.tar.gz			Wed, 14 Jan 2026 00:00:00 GMT		
hin	hin	rAjasthAnI_lALasa	https://raw.githubusercontent.com/indic-dict/stardict-hindi/gh-pages/hi-head/hi-entries/tars/rAjasthAnI_lALasa__2026-01-14_01-53-10Z__6MB.tar.gz			Wed, 14 Jan 2026 00:00:00 GMT		
hin	hin	tulasi_shabda_kosha	https://raw.githubusercontent.com/indic-dict/stardict-hindi/gh-pages/hi-head/hi-entries/tars/tulasi_shabda_kosha__2022-01-22_15-16-42Z__1MB.tar.gz			Sat, 22 Jan 2022 00:00:00 GMT		
eng	hin	raghuvIra_gov_ed	https://raw.githubusercontent.com/indic-dict/stardict-hindi/gh-pages/en-head/tars/raghuvIra_gov_ed__2023-11-26_13-04-44Z__3MB.tar.gz			Sun, 26 Nov 2023 00:00:00 GMT		
eng	hin	stardict-freedict2-eng-hin	https://raw.githubusercontent.com/indic-dict/stardict-hindi/gh-pages/en-head/tars/stardict-freedict2-eng-hin.tar.gz					
pra	hin	dhanapAla	https://raw.githubusercontent.com/indic-dict/stardict-prakrit/gh-pages/prakrit-head/hi-entries/tars/dhanapAla__2026-02-15_14-03-14Z__0MB.tar.gz			Sun, 15 Feb 2026 00:00:00 GMT		
pra	hin	sheth	https://raw.githubusercontent.com/indic-dict/stardict-prakrit/gh-pages/prakrit-head/hi-entries/tars/sheth__2022-01-22_15-16-25Z__2MB.tar.gz			Sat, 22 Jan 2022 00:00:00 GMT		
pli	eng	Ven_A_P_Buddhadatta-2.4.2	https://raw.githubusercontent.com/indic-dict/stardict-pali/gh-pages/pali-head/en-entries/tars/Ven_A_P_Buddhadatta-2.4.2__2022-01-22_15-17-04Z__0MB.tar.gz			Sat, 22 Jan 2022 00:00:00 GMT		
pli	eng	myAnmAr-abhidhAna_en	https://raw.githubusercontent.com/indic-dict/stardict-pali/gh-pages/pali-head/en-entries/tars/myAnmAr-abhidhAna_en__2024-07-31_07-25-01Z__8MB.tar.gz			Wed, 31 Jul 2024 00:00:00 GMT		
pli	eng	nyanatiloka	https://raw.githubusercontent.com/indic-dict/stardict-pali/gh-pages/pali-head/en-entries/tars/nyanatiloka__2022-01-22_15-17-04Z__0MB.tar.gz			Sat, 22 Jan 2022 00:00:00 GMT		
pli	eng	pAli-grammar-endings	https://raw.githubusercontent.com/indic-dict/stardict-pali/gh-pages/pali-head/en-entries/tars/pAli-grammar-endings__2022-11-24_12-24-37Z__0MB.tar.gz			Thu, 24 Nov 2022 00:00:00 GMT		
pli	eng	proper_names	https://raw.githubusercontent.com/indic-dict/stardict-pali/gh-pages/pali-head/en-entries/tars/proper_names__2022-01-22_15-17-04Z__2MB.tar.gz			Sat, 22 Jan 2022 00:00:00 GMT		
pli	eng	pts_pali	https://raw.githubusercontent.com/indic-dict/stardict-pali/gh-pages/pali-head/en-entries/tars/pts_pali__2022-01-22_15-17-04Z__2MB.tar.gz			Sat, 22 Jan 2022 00:00:00 GMT		
pli	eng	trenckner	https://raw.githubusercontent.com/indic-dict/stardict-pali/gh-pages/pali-head/en-entries/tars/trenckner__2024-07-31_07-25-01Z__5MB.tar.gz			Wed, 31 Jul 2024 00:00:00 GMT		
pli	eng	vipassana_research_institute	https://raw.githubusercontent.com/indic-dict/stardict-pali/gh-pages/pali-head/en-entries/tars/vipassana_research_institute__2022-01-22_15-17-04Z__0MB.tar.gz			Sat, 22 Jan 2022 00:00:00 GMT		
eng	pli	stardict-dictd_english-pali_Ven_A_P_Buddhadatta-2.4.2	https://raw.githubusercontent.com/indic-dict/stardict-pali/gh-pages/en-head/tars/stardict-dictd_english-pali_Ven_A_P_Buddhadatta-2.4.2__2016-02-22_08-24-01Z__0MB.tar.gz			Mon, 22 Feb 2016 00:00:00 GMT		
pli	eng	buddhadatta	https://raw.githubusercontent.com/indic-dict/stardict-pali/gh-pages/pali-en-head/tars/buddhadatta__2023-06-16_05-43-53Z__1MB.tar.gz			Fri, 16 Jun 2023 00:00:00 GMT		
pli	eng	nyanaponika-bm	https://raw.githubusercontent.com/indic-dict/stardict-pali/gh-pages/pali-en-head/tars/nyanaponika-bm__2022-01-22_15-17-04Z__0MB.tar.gz			Sat, 22 Jan 2022 00:00:00 GMT		
pli	eng	pali-en-pa	https://raw.githubusercontent.com/indic-dict/stardict-pali/gh-pages/pali-en-head/tars/pali-en-pa__2017-04-27_17-11-27__1MB.tar.gz			Thu, 27 Apr 2017 00:00:00 GMT		
pli	eng	stardict-dictd_Buddhist-Dictionary_Bhikkhu_Nyanatiloka-2.4.2	https://raw.githubusercontent.com/indic-dict/stardict-pali/gh-pages/pali-en-head/tars/stardict-dictd_Buddhist-Dictionary_Bhikkhu_Nyanatiloka-2.4.2__2022-01-22_15-17-04Z__0MB.tar.gz			Sat, 22 Jan 2022 00:00:00 GMT		
nep	eng	schmidt	https://raw.githubusercontent.com/indic-dict/stardict-nepali/gh-pages/ne-head/en-entries/tars/schmidt__2022-01-22_15-16-26Z__0MB.tar.gz			Sat, 22 Jan 2022 00:00:00 GMT		
nep	eng	turner	https://raw.githubusercontent.com/indic-dict/stardict-nepali/gh-pages/ne-head/en-entries/tars/turner__2022-01-22_15-16-26Z__1MB.tar.gz			Sat, 22 Jan 2022 00:00:00 GMT		
pan	eng	singh	https://raw.githubusercontent.com/indic-dict/stardict-panjabi/gh-pages/pa-head/en-entries/tars/singh__2022-01-22_15-16-24Z__1MB.tar.gz			Sat, 22 Jan 2022 00:00:00 GMT		
pan	eng	singh_dev	https://raw.githubusercontent.com/indic-dict/stardict-panjabi/gh-pages/pa-head_dev-script/en-entries/tars/singh_dev__2022-01-22_15-16-24Z__1MB.tar.gz			Sat, 22 Jan 2022 00:00:00 GMT		
guj	guj	bhagavad-go-maNDala-a-Na	https://raw.githubusercontent.com/indic-dict/stardict-gujarati/gh-pages/gu-head/gu-entries/tars/bhagavad-go-maNDala-a-Na__2022-01-22_15-16-08Z__11MB.tar.gz			Sat, 22 Jan 2022 00:00:00 GMT		
guj	guj	bhagavad-go-maNDala-ta-La	https://raw.githubusercontent.com/indic-dict/stardict-gujarati/gh-pages/gu-head/gu-entries/tars/bhagavad-go-maNDala-ta-La__2022-01-22_15-16-08Z__15MB.tar.gz			Sat, 22 Jan 2022 00:00:00 GMT		
guj	guj	bhagavad-go-maNDala-dev-a-Na	https://raw.githubusercontent.com/indic-dict/stardict-gujarati/gh-pages/gu-head_dev-script/tars/bhagavad-go-maNDala-dev-a-Na__2022-01-22_15-16-08Z__11MB.tar.gz			Sat, 22 Jan 2022 00:00:00 GMT		
guj	guj	bhagavad-go-maNDala-dev-ta-La	https://raw.githubusercontent.com/indic-dict/stardict-gujarati/gh-pages/gu-head_dev-script/tars/bhagavad-go-maNDala-dev-ta-La__2022-01-22_15-16-08Z__15MB.tar.gz			Sat, 22 Jan 2022 00:00:00 GMT		
eng	guj	saad	https://raw.githubusercontent.com/indic-dict/stardict-gujarati/gh-pages/en-head/tars/saad__2022-03-02_05-20-25Z__0MB.tar.gz			Wed, 02 Mar 2022 00:00:00 GMT		
eng	guj	saad_dev	https://raw.githubusercontent.com/indic-dict/stardict-gujarati/gh-pages/en-head_dev-script/tars/saad_dev__2022-03-02_05-20-25Z__0MB.tar.gz			Wed, 02 Mar 2022 00:00:00 GMT		
kas	eng	grierson	https://raw.githubusercontent.com/indic-dict/stardict-kashmiri/gh-pages/ks-head/en-entries/tars/grierson__2022-01-22_10-26-12Z__3MB.tar.gz			Sat, 22 Jan 2022 00:00:00 GMT		
urd	eng	fallon	https://raw.githubusercontent.com/indic-dict/stardict-urdu/gh-pages/ur-head/en-entries/tars/fallon__2022-01-24_05-59-45Z__3MB.tar.gz			Mon, 24 Jan 2022 00:00:00 GMT		
urd	eng	platts	https://raw.githubusercontent.com/indic-dict/stardict-urdu/gh-pages/ur-head/en-entries/tars/platts__2022-01-24_05-59-45Z__5MB.tar.gz			Mon, 24 Jan 2022 00:00:00 GMT		
urd	eng	qureshi	https://raw.githubusercontent.com/indic-dict/stardict-urdu/gh-pages/ur-head/en-entries/tars/qureshi__2022-01-24_05-59-45Z__1MB.tar.gz			Mon, 24 Jan 2022 00:00:00 GMT		
urd	eng	shakespear	https://raw.githubusercontent.com/indic-dict/stardict-urdu/gh-pages/ur-head/en-entries/tars/shakespear__2022-01-24_05-59-45Z__2MB.tar.gz			Mon, 24 Jan 2022 00:00:00 GMT		
mar	mar	date	https://raw.githubusercontent.com/indic-dict/stardict-marathi/gh-pages/ma-head/ma-entries/tars/date__2022-01-22_15-16-15Z__8MB.tar.gz			Sat, 22 Jan 2022 00:00:00 GMT		
mar	mar	tulpule	https://raw.githubusercontent.com/indic-dict/stardict-marathi/gh-pages/ma-head/ma-entries/tars/tulpule__2022-01-22_15-16-15Z__2MB.tar.gz			Sat, 22 Jan 2022 00:00:00 GMT		
mar	eng	berntsen	https://raw.githubusercontent.com/indic-dict/stardict-marathi/gh-pages/ma-head/other-entries/tars/berntsen__2022-01-22_15-16-15Z__0MB.tar.gz			Sat, 22 Jan 2022 00:00:00 GMT		
mar	eng	molesworth	https://raw.githubusercontent.com/indic-dict/stardict-marathi/gh-pages/ma-head/other-entries/tars/molesworth__2022-01-22_15-16-15Z__4MB.tar.gz			Sat, 22 Jan 2022 00:00:00 GMT		
mar	eng	vaze	https://raw.githubusercontent.com/indic-dict/stardict-marathi/gh-pages/ma-head/other-entries/tars/vaze__2022-01-22_15-16-15Z__1MB.tar.gz			Sat, 22 Jan 2022 00:00:00 GMT		
ori	ori	praharaj	https://raw.githubusercontent.com/indic-dict/stardict-oriya/gh-pages/or-head/tars/praharaj__2022-01-22_15-16-49Z__18MB.tar.gz			Sat, 22 Jan 2022 00:00:00 GMT		
ori	ori	praharaj_dev	https://raw.githubusercontent.com/indic-dict/stardict-oriya/gh-pages/or-head_dev-script/tars/praharaj_dev__2022-01-22_15-16-49Z__17MB.tar.gz			Sat, 22 Jan 2022 00:00:00 GMT		
asm	eng	candrakanta	https://raw.githubusercontent.com/indic-dict/stardict-assamese/gh-pages/as-head/en-entries/tars/candrakanta__2022-01-22_15-15-30Z__2MB.tar.gz			Sat, 22 Jan 2022 00:00:00 GMT		
asm	eng	candrakanta_dev	https://raw.githubusercontent.com/indic-dict/stardict-assamese/gh-pages/as-head_dev-script/en-entries/tars/candrakanta_dev__2022-01-22_15-15-30Z__2MB.tar.gz			Sat, 22 Jan 2022 00:00:00 GMT		
ben	eng	biswas-bengali	https://raw.githubusercontent.com/indic-dict/stardict-bengali/gh-pages/bn-head/en-entries/tars/biswas-bengali__2022-01-22_15-16-22Z__1MB.tar.gz			Sat, 22 Jan 2022 00:00:00 GMT		
ben	ben	bhattacharya	https://raw.githubusercontent.com/indic-dict/stardict-bengali/gh-pages/bn-head/bn-entries/tars/bhattacharya__2022-01-22_15-16-22Z__0MB.tar.gz			Sat, 22 Jan 2022 00:00:00 GMT		
ben	ben	biswas-bangala	https://raw.githubusercontent.com/indic-dict/stardict-bengali/gh-pages/bn-head/bn-entries/tars/biswas-bangala__2020-01-05_11-47-54Z__2MB.tar.gz			Sun, 05 Jan 2020 00:00:00 GMT		
ben	ben	biswas-bangala	https://raw.githubusercontent.com/indic-dict/stardict-bengali/gh-pages/bn-head/bn-entries/tars/biswas-bangala__2022-01-22_15-16-22Z__2MB.tar.gz			Sat, 22 Jan 2022 00:00:00 GMT		
ben	ben	dasa	https://raw.githubusercontent.com/indic-dict/stardict-bengali/gh-pages/bn-head/bn-entries/tars/dasa__2022-01-22_15-16-22Z__2MB.tar.gz			Sat, 22 Jan 2022 00:00:00 GMT		
ben	eng	biswas-bengali_dev	https://raw.githubusercontent.com/indic-dict/stardict-bengali/gh-pages/bn-head_dev-script/en-entries/tars/biswas-bengali_dev__2022-01-22_15-16-22Z__1MB.tar.gz			Sat, 22 Jan 2022 00:00:00 GMT		
ben	ben	bhattacharya_dev	https://raw.githubusercontent.com/indic-dict/stardict-bengali/gh-pages/bn-head_dev-script/bn-entries/tars/bhattacharya_dev__2022-01-22_15-16-22Z__0MB.tar.gz			Sat, 22 Jan 2022 00:00:00 GMT		
ben	ben	biswas-bangala_dev	https://raw.githubusercontent.com/indic-dict/stardict-bengali/gh-pages/bn-head_dev-script/bn-entries/tars/biswas-bangala_dev__2022-01-22_15-16-22Z__2MB.tar.gz			Sat, 22 Jan 2022 00:00:00 GMT		
ben	ben	dasa_dev	https://raw.githubusercontent.com/indic-dict/stardict-bengali/gh-pages/bn-head_dev-script/bn-entries/tars/dasa_dev__2022-01-22_15-16-22Z__2MB.tar.gz			Sat, 22 Jan 2022 00:00:00 GMT		
dra	eng	maniku	https://raw.githubusercontent.com/indic-dict/stardict-divehi/gh-pages/dv-head/en-entries/tars/maniku__2022-01-22_15-16-27Z__0MB.tar.gz			Sat, 22 Jan 2022 00:00:00 GMT		
kan	kan	champU-nuDi-gannaDi	https://raw.githubusercontent.com/indic-dict/stardict-kannada/gh-pages/kn-head/kn-entries/tars/champU-nuDi-gannaDi__2022-05-08_15-19-11Z__2MB.tar.gz			Sun, 08 May 2022 00:00:00 GMT		
kan	kan	haLe-gannaDa-pada-sampada	https://raw.githubusercontent.com/indic-dict/stardict-kannada/gh-pages/kn-head/kn-entries/tars/haLe-gannaDa-pada-sampada__2022-01-22_15-16-18Z__1MB.tar.gz			Sat, 22 Jan 2022 00:00:00 GMT		
kan	kan	janapada-vastu-kosha	https://raw.githubusercontent.com/indic-dict/stardict-kannada/gh-pages/kn-head/kn-entries/tars/janapada-vastu-kosha__2022-01-22_15-16-18Z__0MB.tar.gz			Sat, 22 Jan 2022 00:00:00 GMT		
kan	kan	kumAravyAsa	https://raw.githubusercontent.com/indic-dict/stardict-kannada/gh-pages/kn-head/kn-entries/tars/kumAravyAsa__2022-01-22_15-16-18Z__0MB.tar.gz			Sat, 22 Jan 2022 00:00:00 GMT		
kan	kan	maisUru-vishvakosha_1	https://raw.githubusercontent.com/indic-dict/stardict-kannada/gh-pages/kn-head/kn-entries/tars/maisUru-vishvakosha_1__2022-03-27_12-23-01Z__0MB.tar.gz			Sun, 27 Mar 2022 00:00:00 GMT		
kan	kan	maisUru-vishvakosha_2	https://raw.githubusercontent.com/indic-dict/stardict-kannada/gh-pages/kn-head/kn-entries/tars/maisUru-vishvakosha_2__2022-03-27_12-23-01Z__0MB.tar.gz			Sun, 27 Mar 2022 00:00:00 GMT		
kan	kan	maisUru-vishvakosha_3	https://raw.githubusercontent.com/indic-dict/stardict-kannada/gh-pages/kn-head/kn-entries/tars/maisUru-vishvakosha_3__2022-03-27_12-23-01Z__0MB.tar.gz			Sun, 27 Mar 2022 00:00:00 GMT		
kan	kan	maisUru-vishvakosha_4	https://raw.githubusercontent.com/indic-dict/stardict-kannada/gh-pages/kn-head/kn-entries/tars/maisUru-vishvakosha_4__2022-03-27_12-23-01Z__0MB.tar.gz			Sun, 27 Mar 2022 00:00:00 GMT		
kan	kan	pampana-nuDi-gaNi	https://raw.githubusercontent.com/indic-dict/stardict-kannada/gh-pages/kn-head/kn-entries/tars/pampana-nuDi-gaNi__2022-01-22_15-16-18Z__1MB.tar.gz			Sat, 22 Jan 2022 00:00:00 GMT		
kan	kan	sanxipta-kannaDa-nighaNTu-ka-sa-pa	https://raw.githubusercontent.com/indic-dict/stardict-kannada/gh-pages/kn-head/kn-entries/tars/sanxipta-kannaDa-nighaNTu-ka-sa-pa__2022-01-22_15-16-18Z__1MB.tar.gz			Sat, 22 Jan 2022 00:00:00 GMT		
kan	kan	shrIvatsa-nighaNTu	https://raw.githubusercontent.com/indic-dict/stardict-kannada/gh-pages/kn-head/kn-entries/tars/shrIvatsa-nighaNTu__2023-05-18_05-32-18Z__0MB.tar.gz			Thu, 18 May 2023 00:00:00 GMT		
kan	kan	haLe-gannaDa-pada-sampada_dev	https://raw.githubusercontent.com/indic-dict/stardict-kannada/gh-pages/kn-head/kn-entries_dev-script/tars/haLe-gannaDa-pada-sampada_dev__2022-01-22_15-16-18Z__0MB.tar.gz			Sat, 22 Jan 2022 00:00:00 GMT		
kan	kan	janapada-vastu-kosha_dev	https://raw.githubusercontent.com/indic-dict/stardict-kannada/gh-pages/kn-head/kn-entries_dev-script/tars/janapada-vastu-kosha_dev__2022-01-22_15-16-18Z__0MB.tar.gz			Sat, 22 Jan 2022 00:00:00 GMT		
kan	kan	kumAravyAsa_dev	https://raw.githubusercontent.com/indic-dict/stardict-kannada/gh-pages/kn-head/kn-entries_dev-script/tars/kumAravyAsa_dev__2022-01-22_15-16-18Z__0MB.tar.gz			Sat, 22 Jan 2022 00:00:00 GMT		
kan	kan	pampana-nuDi-gaNi_dev	https://raw.githubusercontent.com/indic-dict/stardict-kannada/gh-pages/kn-head/kn-entries_dev-script/tars/pampana-nuDi-gaNi_dev__2022-01-22_15-16-18Z__1MB.tar.gz			Sat, 22 Jan 2022 00:00:00 GMT		
kan	kan	sanxipta-kannaDa-nighaNTu-ka-sa-pa_dev	https://raw.githubusercontent.com/indic-dict/stardict-kannada/gh-pages/kn-head/kn-entries_dev-script/tars/sanxipta-kannaDa-nighaNTu-ka-sa-pa_dev__2022-01-22_15-16-18Z__1MB.tar.gz			Sat, 22 Jan 2022 00:00:00 GMT		
kan	eng	alar	https://raw.githubusercontent.com/indic-dict/stardict-kannada/gh-pages/kn-head/en-entries/tars/alar__2022-01-22_10-16-09Z__8MB.tar.gz			Sat, 22 Jan 2022 00:00:00 GMT		
kan	eng	ka-ga-pa_2014	https://raw.githubusercontent.com/indic-dict/stardict-kannada/gh-pages/kn-head/en-entries/tars/ka-ga-pa_2014__2022-05-19_16-12-57Z__0MB.tar.gz			Thu, 19 May 2022 00:00:00 GMT		
kan	eng	keshirAja	https://raw.githubusercontent.com/indic-dict/stardict-kannada/gh-pages/kn-head/en-entries/tars/keshirAja__2022-01-22_15-16-18Z__0MB.tar.gz			Sat, 22 Jan 2022 00:00:00 GMT		
kan	eng	kittel	https://raw.githubusercontent.com/indic-dict/stardict-kannada/gh-pages/kn-head/en-entries/tars/kittel__2022-01-22_15-16-18Z__5MB.tar.gz			Sat, 22 Jan 2022 00:00:00 GMT		
eng	kan	mysore_uni_eng_kn	https://raw.githubusercontent.com/indic-dict/stardict-kannada/gh-pages/en-head/tars/mysore_uni_eng_kn__2022-01-22_10-26-13Z__8MB.tar.gz			Sat, 22 Jan 2022 00:00:00 GMT		
tam	eng	WHO_siddha	https://raw.githubusercontent.com/indic-dict/stardict-tamil/gh-pages/ta-head/en-entries/tars/WHO_siddha__2023-03-04_04-28-13Z__0MB.tar.gz			Sat, 04 Mar 2023 00:00:00 GMT		
tam	eng	fabricius	https://raw.githubusercontent.com/indic-dict/stardict-tamil/gh-pages/ta-head/en-entries/tars/fabricius__2022-01-22_15-16-59Z__3MB.tar.gz			Sat, 22 Jan 2022 00:00:00 GMT		
tam	eng	mcalpin	https://raw.githubusercontent.com/indic-dict/stardict-tamil/gh-pages/ta-head/en-entries/tars/mcalpin__2022-01-22_15-16-59Z__0MB.tar.gz			Sat, 22 Jan 2022 00:00:00 GMT		
tam	eng	tamil_lexicon_decorated	https://raw.githubusercontent.com/indic-dict/stardict-tamil/gh-pages/ta-head/en-entries/tars/tamil_lexicon_decorated__2022-01-22_15-16-59Z__12MB.tar.gz			Sat, 22 Jan 2022 00:00:00 GMT		
tam	eng	winslow	https://raw.githubusercontent.com/indic-dict/stardict-tamil/gh-pages/ta-head/en-entries/tars/winslow__2022-01-22_10-34-24Z__3MB.tar.gz			Sat, 22 Jan 2022 00:00:00 GMT		
tam	tam	crea	https://raw.githubusercontent.com/indic-dict/stardict-tamil/gh-pages/ta-head/ta-entries/tars/crea__2022-01-22_15-16-59Z__1MB.tar.gz			Sat, 22 Jan 2022 00:00:00 GMT		
tam	tam	divya-p_pArthasArathi	https://raw.githubusercontent.com/indic-dict/stardict-tamil/gh-pages/ta-head/ta-entries/tars/divya-p_pArthasArathi__2025-02-06_12-13-59Z__0MB.tar.gz			Thu, 06 Feb 2025 00:00:00 GMT		
tam	tam	WHO_siddha_dev	https://raw.githubusercontent.com/indic-dict/stardict-tamil/gh-pages/ta-head/en-entries_dev-script/tars/WHO_siddha_dev__2024-10-02_04-08-17Z__0MB.tar.gz			Wed, 02 Oct 2024 00:00:00 GMT		
tam	tam	fabricius_dev	https://raw.githubusercontent.com/indic-dict/stardict-tamil/gh-pages/ta-head/en-entries_dev-script/tars/fabricius_dev__2024-10-02_04-08-17Z__6MB.tar.gz			Wed, 02 Oct 2024 00:00:00 GMT		
tam	tam	mcalpin_dev	https://raw.githubusercontent.com/indic-dict/stardict-tamil/gh-pages/ta-head/en-entries_dev-script/tars/mcalpin_dev__2024-10-02_04-08-17Z__0MB.tar.gz			Wed, 02 Oct 2024 00:00:00 GMT		
tam	tam	tamil_lexicon_decorated_dev	https://raw.githubusercontent.com/indic-dict/stardict-tamil/gh-pages/ta-head/en-entries_dev-script/tars/tamil_lexicon_decorated_dev__2024-10-02_04-08-17Z__18MB.tar.gz			Wed, 02 Oct 2024 00:00:00 GMT		
tam	tam	winslow_dev	https://raw.githubusercontent.com/indic-dict/stardict-tamil/gh-pages/ta-head/en-entries_dev-script/tars/winslow_dev__2024-10-02_04-08-17Z__4MB.tar.gz			Wed, 02 Oct 2024 00:00:00 GMT		
tam	tam	crea_dev	https://raw.githubusercontent.com/indic-dict/stardict-tamil/gh-pages/ta-head/ta-entries_dev-script/tars/crea_dev__2024-10-02_04-08-17Z__2MB.tar.gz			Wed, 02 Oct 2024 00:00:00 GMT		
tam	tam	divya-p_pArthasArathi_dev	https://raw.githubusercontent.com/indic-dict/stardict-tamil/gh-pages/ta-head/ta-entries_dev-script/tars/divya-p_pArthasArathi_dev__2025-02-06_12-23-19Z__1MB.tar.gz			Thu, 06 Feb 2025 00:00:00 GMT		
eng	tam	english-tamizh_dictionary_tamilvu	https://raw.githubusercontent.com/indic-dict/stardict-tamil/gh-pages/en-head/tars/english-tamizh_dictionary_tamilvu__2022-01-22_15-16-59Z__2MB.tar.gz			Sat, 22 Jan 2022 00:00:00 GMT		
eng	tam	pals_english-tamil_dictionary	https://raw.githubusercontent.com/indic-dict/stardict-tamil/gh-pages/en-head/tars/pals_english-tamil_dictionary__2022-01-22_15-16-59Z__2MB.tar.gz			Sat, 22 Jan 2022 00:00:00 GMT		
tam	tam	english-tamizh_dictionary_tamilvu_en	https://raw.githubusercontent.com/indic-dict/stardict-tamil/gh-pages/en-head_en-script/tars/english-tamizh_dictionary_tamilvu_en__2022-07-20_05-13-49Z__2MB.tar.gz			Wed, 20 Jul 2022 00:00:00 GMT		
tam	tam	pals_english-tamil_dictionary_en	https://raw.githubusercontent.com/indic-dict/stardict-tamil/gh-pages/en-head_en-script/tars/pals_english-tamil_dictionary_en__2022-07-20_05-13-49Z__1MB.tar.gz			Wed, 20 Jul 2022 00:00:00 GMT		
tam	tam	english-tamizh_dictionary_tamilvu_dev	https://raw.githubusercontent.com/indic-dict/stardict-tamil/gh-pages/en-head_dev-script/tars/english-tamizh_dictionary_tamilvu_dev__2024-10-02_04-08-17Z__2MB.tar.gz			Wed, 02 Oct 2024 00:00:00 GMT		
tam	tam	pals_english-tamil_dictionary_dev	https://raw.githubusercontent.com/indic-dict/stardict-tamil/gh-pages/en-head_dev-script/tars/pals_english-tamil_dictionary_dev__2024-10-02_04-08-17Z__2MB.tar.gz			Wed, 02 Oct 2024 00:00:00 GMT		
eng	mal	olam-enml	https://raw.githubusercontent.com/indic-dict/stardict-malayalam/gh-pages/en-head/tars/olam-enml__2022-01-22_10-16-05Z__2MB.tar.gz			Sat, 22 Jan 2022 00:00:00 GMT		
mal	mal	olam-enml_en-script	https://raw.githubusercontent.com/indic-dict/stardict-malayalam/gh-pages/en-head_en-script/tars/olam-enml_en-script__2022-01-22_10-16-05Z__2MB.tar.gz			Sat, 22 Jan 2022 00:00:00 GMT		
mal	mal	datuk	https://raw.githubusercontent.com/indic-dict/stardict-malayalam/gh-pages/ml-head/tars/datuk__2022-01-22_10-16-05Z__4MB.tar.gz			Sat, 22 Jan 2022 00:00:00 GMT		
mal	mal	gundert	https://raw.githubusercontent.com/indic-dict/stardict-malayalam/gh-pages/ml-head/tars/gundert__2022-01-22_10-16-05Z__1MB.tar.gz			Sat, 22 Jan 2022 00:00:00 GMT		
mal	mal	datuk_dev	https://raw.githubusercontent.com/indic-dict/stardict-malayalam/gh-pages/ml-head_dev-script/tars/datuk_dev__2023-06-16_05-43-51Z__4MB.tar.gz			Fri, 16 Jun 2023 00:00:00 GMT		
mal	mal	gundert_dev	https://raw.githubusercontent.com/indic-dict/stardict-malayalam/gh-pages/ml-head_dev-script/tars/gundert_dev__2022-01-22_10-16-05Z__1MB.tar.gz			Sat, 22 Jan 2022 00:00:00 GMT		
sin	eng	carter	https://raw.githubusercontent.com/indic-dict/stardict-sinhala/gh-pages/si-head/en-entries/tars/carter__2025-01-10_08-17-31Z__2MB.tar.gz			Fri, 10 Jan 2025 00:00:00 GMT		
sin	eng	carter_dev	https://raw.githubusercontent.com/indic-dict/stardict-sinhala/gh-pages/si-head_dev-script/en-entries/tars/carter_dev__2025-01-10_08-17-31Z__2MB.tar.gz			Fri, 10 Jan 2025 00:00:00 GMT		
tel	tel	wiktionary_telugu_dev	https://raw.githubusercontent.com/indic-dict/stardict-telugu/gh-pages/te-head/te-entries_dev-script/tars/wiktionary_telugu_dev__2022-01-22_15-16-33Z__10MB.tar.gz			Sat, 22 Jan 2022 00:00:00 GMT		
tel	tel	brown_dev	https://raw.githubusercontent.com/indic-dict/stardict-telugu/gh-pages/te-head/en-entries_dev-script/tars/brown_dev__2022-01-22_15-16-33Z__2MB.tar.gz			Sat, 22 Jan 2022 00:00:00 GMT		
tel	tel	janapada_dev	https://raw.githubusercontent.com/indic-dict/stardict-telugu/gh-pages/te-head/en-entries_dev-script/tars/janapada_dev__2022-01-22_15-16-33Z__2MB.tar.gz			Sat, 22 Jan 2022 00:00:00 GMT		
eng	tel	paribhashika_nighantuvu	https://raw.githubusercontent.com/indic-dict/stardict-telugu/gh-pages/en-head/tars/paribhashika_nighantuvu__2023-06-16_05-43-53Z__5MB.tar.gz			Fri, 16 Jun 2023 00:00:00 GMT		
tel	tel	paribhashika_nighantuvu_en	https://raw.githubusercontent.com/indic-dict/stardict-telugu/gh-pages/en-head_en-script/tars/paribhashika_nighantuvu_en__2022-01-22_15-16-33Z__4MB.tar.gz			Sat, 22 Jan 2022 00:00:00 GMT		
eng	eng	AHD_Indo-European_and_Semitic_Roots_Supplement	https://archive.org/download/stardict_collections/archives-english/en-head/AHD_Indo-European_and_Semitic_Roots_Supplement.tar.gz					
eng	eng	American_Heritage_Dictionary_4th_Ed	https://archive.org/download/stardict_collections/archives-english/en-head/American_Heritage_Dictionary_4th_Ed.tar.gz					
eng	eng	American_Idioms_2nd_Ed	https://archive.org/download/stardict_collections/archives-english/en-head/American_Idioms_2nd_Ed.tar.gz					
eng	eng	Collins_Thesaurus	https://archive.org/download/stardict_collections/archives-english/en-head/Collins_Thesaurus.tar.gz					
eng	eng	Longman_Dictionary_of_Common_Errors	https://archive.org/download/stardict_collections/archives-english/en-head/Longman_Dictionary_of_Common_Errors.tar.gz					
eng	eng	Longman_Pronunciation_Dictionary_3rd_Ed	https://archive.org/download/stardict_collections/archives-english/en-head/Longman_Pronunciation_Dictionary_3rd_Ed.tar.gz					
eng	eng	Oxford_Advanced_Learner_s_Dictionary	https://archive.org/download/stardict_collections/archives-english/en-head/Oxford_Advanced_Learner_s_Dictionary.tar.gz					
eng	eng	Oxford_Collocations_Dictionary_2nd_Ed	https://archive.org/download/stardict_collections/archives-english/en-head/Oxford_Collocations_Dictionary_2nd_Ed.tar.gz					
eng	eng	WordNet_3	https://archive.org/download/stardict_collections/archives-english/en-head/WordNet_3.tar.gz					
eng	kan	subbarAya_en-kn	https://raw.githubusercontent.com/indic-dict/stardict-english/gh-pages/en-head/other-entries/tars/subbarAya_en-kn__2024-05-11_07-25-25Z__3MB.tar.gz			Sat, 11 May 2024 00:00:00 GMT		
ell	eng	MiddleLiddell	https://archive.org/download/stardict_collections/archives-english/other-head/MiddleLiddell.tar.gz					
lat	eng	LewissAnElementaryLatinDictionary	https://archive.org/download/stardict_collections/archives-english/other-head/LewissAnElementaryLatinDictionary.tar.gz					
ell	eng	greek-analyses-unicode-babylon	https://archive.org/download/stardict_collections/archives-english/other-head/greek-analyses-unicode-babylon.tar.gz					
bod	bod	84k-glossary	https://raw.githubusercontent.com/indic-dict/stardict-tibetan/gh-pages/bo-head/tars/84k-glossary__2024-06-15_01-00-13Z__1MB.tar.gz			Sat, 15 Jun 2024 00:00:00 GMT		
bod	bod	chandra-skt	https://raw.githubusercontent.com/indic-dict/stardict-tibetan/gh-pages/bo-head/tars/chandra-skt__2024-06-15_01-34-35Z__0MB.tar.gz			Sat, 15 Jun 2024 00:00:00 GMT		
bod	bod	hopkins	https://raw.githubusercontent.com/indic-dict/stardict-tibetan/gh-pages/bo-head/tars/hopkins__2024-06-15_01-00-13Z__0MB.tar.gz			Sat, 15 Jun 2024 00:00:00 GMT		
abk	eng	Abkhaz-English	https://raw.githubusercontent.com/Vuizur/Wiktionary-Dictionaries/master/Abkhaz-English%20Wiktionary%20dictionary%20stardict.tar.gz					
ady	eng	Adyghe-English	https://raw.githubusercontent.com/Vuizur/Wiktionary-Dictionaries/master/Adyghe-English%20Wiktionary%20dictionary%20stardict.tar.gz					
aar	eng	Afar-English	https://raw.githubusercontent.com/Vuizur/Wiktionary-Dictionaries/master/Afar-English%20Wiktionary%20dictionary%20stardict.tar.gz					
afr	eng	Afrikaans-English	https://raw.githubusercontent.com/Vuizur/Wiktionary-Dictionaries/master/Afrikaans-English%20Wiktionary%20dictionary%20stardict.tar.gz					
xag	eng	Aghwan-English	https://raw.githubusercontent.com/Vuizur/Wiktionary-Dictionaries/master/Aghwan-English%20Wiktionary%20dictionary%20stardict.tar.gz					
ain	eng	Ainu-English	https://raw.githubusercontent.com/Vuizur/Wiktionary-Dictionaries/master/Ainu-English%20Wiktionary%20dictionary%20stardict.tar.gz					
akk	eng	Akkadian-English	https://raw.githubusercontent.com/Vuizur/Wiktionary-Dictionaries/master/Akkadian-English%20Wiktionary%20dictionary%20stardict.tar.gz					
sqi	eng	Albanian-English	https://raw.githubusercontent.com/Vuizur/Wiktionary-Dictionaries/master/Albanian-English%20Wiktionary%20dictionary%20stardict.tar.gz					
gsw	eng	Alemannic German-English	https://raw.githubusercontent.com/Vuizur/Wiktionary-Dictionaries/master/Alemannic%20German-English%20Wiktionary%20dictionary%20stardict.tar.gz					
amh	eng	Amharic-English	https://raw.githubusercontent.com/Vuizur/Wiktionary-Dictionaries/master/Amharic-English%20Wiktionary%20dictionary%20stardict.tar.gz					
ami	eng	Amis-English	https://raw.githubusercontent.com/Vuizur/Wiktionary-Dictionaries/master/Amis-English%20Wiktionary%20dictionary%20stardict.tar.gz					
grc	eng	Ancient Greek-English	https://raw.githubusercontent.com/Vuizur/Wiktionary-Dictionaries/master/Ancient%20Greek-English%20Wiktionary%20dictionary%20stardict.tar.gz					
awg	eng	Anguthimri-English	https://raw.githubusercontent.com/Vuizur/Wiktionary-Dictionaries/master/Anguthimri-English%20Wiktionary%20dictionary%20stardict.tar.gz					
ara	eng	Arabic-English	https://raw.githubusercontent.com/Vuizur/Wiktionary-Dictionaries/master/Arabic-English%20Wiktionary%20dictionary%20stardict.tar.gz					
arg	eng	Aragonese-English	https://raw.githubusercontent.com/Vuizur/Wiktionary-Dictionaries/master/Aragonese-English%20Wiktionary%20dictionary%20stardict.tar.gz					
arc	eng	Aramaic-English	https://raw.githubusercontent.com/Vuizur/Wiktionary-Dictionaries/master/Aramaic-English%20Wiktionary%20dictionary%20stardict.tar.gz					
hye	eng	Armenian-English	https://raw.githubusercontent.com/Vuizur/Wiktionary-Dictionaries/master/Armenian-English%20Wiktionary%20dictionary%20stardict.tar.gz					
rup	eng	Aromanian-English	https://raw.githubusercontent.com/Vuizur/Wiktionary-Dictionaries/master/Aromanian-English%20Wiktionary%20dictionary%20stardict.tar.gz					
asm	eng	Assamese-English	https://raw.githubusercontent.com/Vuizur/Wiktionary-Dictionaries/master/Assamese-English%20Wiktionary%20dictionary%20stardict.tar.gz					
aii	eng	Assyrian Neo-Aramaic-English	https://raw.githubusercontent.com/Vuizur/Wiktionary-Dictionaries/master/Assyrian%20Neo-Aramaic-English%20Wiktionary%20dictionary%20stardict.tar.gz					
ast	eng	Asturian-English	https://raw.githubusercontent.com/Vuizur/Wiktionary-Dictionaries/master/Asturian-English%20Wiktionary%20dictionary%20stardict.tar.gz					
ava	eng	Avar-English	https://raw.githubusercontent.com/Vuizur/Wiktionary-Dictionaries/master/Avar-English%20Wiktionary%20dictionary%20stardict.tar.gz					
aze	eng	Azerbaijani-English	https://raw.githubusercontent.com/Vuizur/Wiktionary-Dictionaries/master/Azerbaijani-English%20Wiktionary%20dictionary%20stardict.tar.gz					
ban	eng	Balinese-English	https://raw.githubusercontent.com/Vuizur/Wiktionary-Dictionaries/master/Balinese-English%20Wiktionary%20dictionary%20stardict.tar.gz					
bal	eng	Baluchi-English	https://raw.githubusercontent.com/Vuizur/Wiktionary-Dictionaries/master/Baluchi-English%20Wiktionary%20dictionary%20stardict.tar.gz					
bam	eng	Bambara-English	https://raw.githubusercontent.com/Vuizur/Wiktionary-Dictionaries/master/Bambara-English%20Wiktionary%20dictionary%20stardict.tar.gz					
bak	eng	Bashkir-English	https://raw.githubusercontent.com/Vuizur/Wiktionary-Dictionaries/master/Bashkir-English%20Wiktionary%20dictionary%20stardict.tar.gz					
eus	eng	Basque-English	https://raw.githubusercontent.com/Vuizur/Wiktionary-Dictionaries/master/Basque-English%20Wiktionary%20dictionary%20stardict.tar.gz					
bar	eng	Bavarian-English	https://raw.githubusercontent.com/Vuizur/Wiktionary-Dictionaries/master/Bavarian-English%20Wiktionary%20dictionary%20stardict.tar.gz					
bel	eng	Belarusian-English	https://raw.githubusercontent.com/Vuizur/Wiktionary-Dictionaries/master/Belarusian-English%20Wiktionary%20dictionary%20stardict.tar.gz					
ben	eng	Bengali-English	https://raw.githubusercontent.com/Vuizur/Wiktionary-Dictionaries/master/Bengali-English%20Wiktionary%20dictionary%20stardict.tar.gz					
bcl	eng	Bikol Central-English	https://raw.githubusercontent.com/Vuizur/Wiktionary-Dictionaries/master/Bikol%20Central-English%20Wiktionary%20dictionary%20stardict.tar.gz					
bgn	eng	Bourguignon-English	https://raw.githubusercontent.com/Vuizur/Wiktionary-Dictionaries/master/Bourguignon-English%20Wiktionary%20dictionary%20stardict.tar.gz					
bre	eng	Breton-English	https://raw.githubusercontent.com/Vuizur/Wiktionary-Dictionaries/master/Breton-English%20Wiktionary%20dictionary%20stardict.tar.gz					
kxd	eng	Brunei Malay-English	https://raw.githubusercontent.com/Vuizur/Wiktionary-Dictionaries/master/Brunei%20Malay-English%20Wiktionary%20dictionary%20stardict.tar.gz					
bul	eng	Bulgarian-English	https://raw.githubusercontent.com/Vuizur/Wiktionary-Dictionaries/master/Bulgarian-English%20Wiktionary%20dictionary%20stardict.tar.gz					
mya	eng	Burmese-English	https://raw.githubusercontent.com/Vuizur/Wiktionary-Dictionaries/master/Burmese-English%20Wiktionary%20dictionary%20stardict.tar.gz					
bua	eng	Buryat-English	https://raw.githubusercontent.com/Vuizur/Wiktionary-Dictionaries/master/Buryat-English%20Wiktionary%20dictionary%20stardict.tar.gz					
chl	eng	Cahuilla-English	https://raw.githubusercontent.com/Vuizur/Wiktionary-Dictionaries/master/Cahuilla-English%20Wiktionary%20dictionary%20stardict.tar.gz					
yue	eng	Cantonese-English	https://raw.githubusercontent.com/Vuizur/Wiktionary-Dictionaries/master/Cantonese-English%20Wiktionary%20dictionary%20stardict.tar.gz					
ceb	eng	Cebuano-English	https://raw.githubusercontent.com/Vuizur/Wiktionary-Dictionaries/master/Cebuano-English%20Wiktionary%20dictionary%20stardict.tar.gz					
tzm	eng	Central Atlas Tamazight-English	https://raw.githubusercontent.com/Vuizur/Wiktionary-Dictionaries/master/Central%20Atlas%20Tamazight-English%20Wiktionary%20dictionary%20stardict.tar.gz					
gmw	eng	Central Franconian-English	https://raw.githubusercontent.com/Vuizur/Wiktionary-Dictionaries/master/Central%20Franconian-English%20Wiktionary%20dictionary%20stardict.tar.gz					
nch	eng	Central Huasteca Nahuatl-English	https://raw.githubusercontent.com/Vuizur/Wiktionary-Dictionaries/master/Central%20Huasteca%20Nahuatl-English%20Wiktionary%20dictionary%20stardict.tar.gz					
nhn	eng	Central Nahuatl-English	https://raw.githubusercontent.com/Vuizur/Wiktionary-Dictionaries/master/Central%20Nahuatl-English%20Wiktionary%20dictionary%20stardict.tar.gz					
che	eng	Chechen-English	https://raw.githubusercontent.com/Vuizur/Wiktionary-Dictionaries/master/Chechen-English%20Wiktionary%20dictionary%20stardict.tar.gz					
chr	eng	Cherokee-English	https://raw.githubusercontent.com/Vuizur/Wiktionary-Dictionaries/master/Cherokee-English%20Wiktionary%20dictionary%20stardict.tar.gz					
nya	eng	Chichewa-English	https://raw.githubusercontent.com/Vuizur/Wiktionary-Dictionaries/master/Chichewa-English%20Wiktionary%20dictionary%20stardict.tar.gz					
cic	eng	Chickasaw-English	https://raw.githubusercontent.com/Vuizur/Wiktionary-Dictionaries/master/Chickasaw-English%20Wiktionary%20dictionary%20stardict.tar.gz					
zho	eng	Chinese-English	https://raw.githubusercontent.com/Vuizur/Wiktionary-Dictionaries/master/Chinese-English%20Wiktionary%20dictionary%20stardict.tar.gz					
cho	eng	Choctaw-English	https://raw.githubusercontent.com/Vuizur/Wiktionary-Dictionaries/master/Choctaw-English%20Wiktionary%20dictionary%20stardict.tar.gz					
chk	eng	Chuukese-English	https://raw.githubusercontent.com/Vuizur/Wiktionary-Dictionaries/master/Chuukese-English%20Wiktionary%20dictionary%20stardict.tar.gz					
chv	eng	Chuvash-English	https://raw.githubusercontent.com/Vuizur/Wiktionary-Dictionaries/master/Chuvash-English%20Wiktionary%20dictionary%20stardict.tar.gz					
cim	eng	Cimbrian-English	https://raw.githubusercontent.com/Vuizur/Wiktionary-Dictionaries/master/Cimbrian-English%20Wiktionary%20dictionary%20stardict.tar.gz					
nci	eng	Classical Nahuatl-English	https://raw.githubusercontent.com/Vuizur/Wiktionary-Dictionaries/master/Classical%20Nahuatl-English%20Wiktionary%20dictionary%20stardict.tar.gz					
syc	eng	Classical Syriac-English	https://raw.githubusercontent.com/Vuizur/Wiktionary-Dictionaries/master/Classical%20Syriac-English%20Wiktionary%20dictionary%20stardict.tar.gz					
cop	eng	Coptic-English	https://raw.githubusercontent.com/Vuizur/Wiktionary-Dictionaries/master/Coptic-English%20Wiktionary%20dictionary%20stardict.tar.gz					
cor	eng	Cornish-English	https://raw.githubusercontent.com/Vuizur/Wiktionary-Dictionaries/master/Cornish-English%20Wiktionary%20dictionary%20stardict.tar.gz					
cos	eng	Corsican-English	https://raw.githubusercontent.com/Vuizur/Wiktionary-Dictionaries/master/Corsican-English%20Wiktionary%20dictionary%20stardict.tar.gz					
crh	eng	Crimean Tatar-English	https://raw.githubusercontent.com/Vuizur/Wiktionary-Dictionaries/master/Crimean%20Tatar-English%20Wiktionary%20dictionary%20stardict.tar.gz					
ces	eng	Czech-English	https://raw.githubusercontent.com/Vuizur/Wiktionary-Dictionaries/master/Czech-English%20Wiktionary%20dictionary%20stardict.tar.gz					
dlm	eng	Dalmatian-English	https://raw.githubusercontent.com/Vuizur/Wiktionary-Dictionaries/master/Dalmatian-English%20Wiktionary%20dictionary%20stardict.tar.gz					
dan	eng	Danish-English	https://raw.githubusercontent.com/Vuizur/Wiktionary-Dictionaries/master/Danish-English%20Wiktionary%20dictionary%20stardict.tar.gz					
div	eng	Dhivehi-English	https://raw.githubusercontent.com/Vuizur/Wiktionary-Dictionaries/master/Dhivehi-English%20Wiktionary%20dictionary%20stardict.tar.gz					
duo	eng	Dupaningan Agta-English	https://raw.githubusercontent.com/Vuizur/Wiktionary-Dictionaries/master/Dupaningan%20Agta-English%20Wiktionary%20dictionary%20stardict.tar.gz					
deu	eng	East Central German-English	https://raw.githubusercontent.com/Vuizur/Wiktionary-Dictionaries/master/East%20Central%20German-English%20Wiktionary%20dictionary%20stardict.tar.gz					
nhe	eng	Eastern Huasteca Nahuatl-English	https://raw.githubusercontent.com/Vuizur/Wiktionary-Dictionaries/master/Eastern%20Huasteca%20Nahuatl-English%20Wiktionary%20dictionary%20stardict.tar.gz					
mhr	eng	Eastern Mari-English	https://raw.githubusercontent.com/Vuizur/Wiktionary-Dictionaries/master/Eastern%20Mari-English%20Wiktionary%20dictionary%20stardict.tar.gz					
arz	eng	Egyptian Arabic-English	https://raw.githubusercontent.com/Vuizur/Wiktionary-Dictionaries/master/Egyptian%20Arabic-English%20Wiktionary%20dictionary%20stardict.tar.gz					
egl	eng	Emilian-English	https://raw.githubusercontent.com/Vuizur/Wiktionary-Dictionaries/master/Emilian-English%20Wiktionary%20dictionary%20stardict.tar.gz					
eng	eng	English-English	https://raw.githubusercontent.com/Vuizur/Wiktionary-Dictionaries/master/English-English%20Wiktionary%20dictionary%20stardict.tar.gz					
myv	eng	Erzya-English	https://raw.githubusercontent.com/Vuizur/Wiktionary-Dictionaries/master/Erzya-English%20Wiktionary%20dictionary%20stardict.tar.gz					
epo	eng	Esperanto-English	https://raw.githubusercontent.com/Vuizur/Wiktionary-Dictionaries/master/Esperanto-English%20Wiktionary%20dictionary%20stardict.tar.gz					
est	eng	Estonian-English	https://raw.githubusercontent.com/Vuizur/Wiktionary-Dictionaries/master/Estonian-English%20Wiktionary%20dictionary%20stardict.tar.gz					
evn	eng	Evenki-English	https://raw.githubusercontent.com/Vuizur/Wiktionary-Dictionaries/master/Evenki-English%20Wiktionary%20dictionary%20stardict.tar.gz					
ewe	eng	Ewe-English	https://raw.githubusercontent.com/Vuizur/Wiktionary-Dictionaries/master/Ewe-English%20Wiktionary%20dictionary%20stardict.tar.gz					
fao	eng	Faroese-English	https://raw.githubusercontent.com/Vuizur/Wiktionary-Dictionaries/master/Faroese-English%20Wiktionary%20dictionary%20stardict.tar.gz					
fij	eng	Fijian-English	https://raw.githubusercontent.com/Vuizur/Wiktionary-Dictionaries/master/Fijian-English%20Wiktionary%20dictionary%20stardict.tar.gz					
fin	eng	Finnish-English	https://raw.githubusercontent.com/Vuizur/Wiktionary-Dictionaries/master/Finnish-English%20Wiktionary%20dictionary%20stardict.tar.gz					
frp	eng	Franco-Provençal-English	https://raw.githubusercontent.com/Vuizur/Wiktionary-Dictionaries/master/Franco-Provençal-English Wiktionary dictionary stardict.tar.gz					
fra	eng	French-English	https://raw.githubusercontent.com/Vuizur/Wiktionary-Dictionaries/master/French-English%20Wiktionary%20dictionary%20stardict.tar.gz					
fur	eng	Friulian-English	https://raw.githubusercontent.com/Vuizur/Wiktionary-Dictionaries/master/Friulian-English%20Wiktionary%20dictionary%20stardict.tar.gz					
ful	eng	Fula-English	https://raw.githubusercontent.com/Vuizur/Wiktionary-Dictionaries/master/Fula-English%20Wiktionary%20dictionary%20stardict.tar.gz					
glg	eng	Galician-English	https://raw.githubusercontent.com/Vuizur/Wiktionary-Dictionaries/master/Galician-English%20Wiktionary%20dictionary%20stardict.tar.gz					
kld	eng	Gamilaraay-English	https://raw.githubusercontent.com/Vuizur/Wiktionary-Dictionaries/master/Gamilaraay-English%20Wiktionary%20dictionary%20stardict.tar.gz					
grt	eng	Garo-English	https://raw.githubusercontent.com/Vuizur/Wiktionary-Dictionaries/master/Garo-English%20Wiktionary%20dictionary%20stardict.tar.gz					
gez	eng	Ge'ez-English	https://raw.githubusercontent.com/Vuizur/Wiktionary-Dictionaries/master/Ge'ez-English%20Wiktionary%20dictionary%20stardict.tar.gz					
kat	eng	Georgian-English	https://raw.githubusercontent.com/Vuizur/Wiktionary-Dictionaries/master/Georgian-English%20Wiktionary%20dictionary%20stardict.tar.gz					
nds	eng	German Low German-English	https://raw.githubusercontent.com/Vuizur/Wiktionary-Dictionaries/master/German%20Low%20German-English%20Wiktionary%20dictionary%20stardict.tar.gz					
deu	eng	German-English	https://raw.githubusercontent.com/Vuizur/Wiktionary-Dictionaries/master/German-English%20Wiktionary%20dictionary%20stardict.tar.gz					
got	eng	Gothic-English	https://raw.githubusercontent.com/Vuizur/Wiktionary-Dictionaries/master/Gothic-English%20Wiktionary%20dictionary%20stardict.tar.gz					
ell	eng	Greek-English	https://raw.githubusercontent.com/Vuizur/Wiktionary-Dictionaries/master/Greek-English%20Wiktionary%20dictionary%20stardict.tar.gz					
kal	eng	Greenlandic-English	https://raw.githubusercontent.com/Vuizur/Wiktionary-Dictionaries/master/Greenlandic-English%20Wiktionary%20dictionary%20stardict.tar.gz					
grn	eng	Guaraní-English	https://raw.githubusercontent.com/Vuizur/Wiktionary-Dictionaries/master/Guaraní-English Wiktionary dictionary stardict.tar.gz					
guj	eng	Gujarati-English	https://raw.githubusercontent.com/Vuizur/Wiktionary-Dictionaries/master/Gujarati-English%20Wiktionary%20dictionary%20stardict.tar.gz					
afb	eng	Gulf Arabic-English	https://raw.githubusercontent.com/Vuizur/Wiktionary-Dictionaries/master/Gulf%20Arabic-English%20Wiktionary%20dictionary%20stardict.tar.gz					
hat	eng	Haitian Creole-English	https://raw.githubusercontent.com/Vuizur/Wiktionary-Dictionaries/master/Haitian%20Creole-English%20Wiktionary%20dictionary%20stardict.tar.gz					
hau	eng	Hausa-English	https://raw.githubusercontent.com/Vuizur/Wiktionary-Dictionaries/master/Hausa-English%20Wiktionary%20dictionary%20stardict.tar.gz					
haw	eng	Hawaiian-English	https://raw.githubusercontent.com/Vuizur/Wiktionary-Dictionaries/master/Hawaiian-English%20Wiktionary%20dictionary%20stardict.tar.gz					
heb	eng	Hebrew-English	https://raw.githubusercontent.com/Vuizur/Wiktionary-Dictionaries/master/Hebrew-English%20Wiktionary%20dictionary%20stardict.tar.gz					
acw	eng	Hijazi Arabic-English	https://raw.githubusercontent.com/Vuizur/Wiktionary-Dictionaries/master/Hijazi%20Arabic-English%20Wiktionary%20dictionary%20stardict.tar.gz					
hil	eng	Hiligaynon-English	https://raw.githubusercontent.com/Vuizur/Wiktionary-Dictionaries/master/Hiligaynon-English%20Wiktionary%20dictionary%20stardict.tar.gz					
hin	eng	Hindi-English	https://raw.githubusercontent.com/Vuizur/Wiktionary-Dictionaries/master/Hindi-English%20Wiktionary%20dictionary%20stardict.tar.gz					
hun	eng	Hungarian-English	https://raw.githubusercontent.com/Vuizur/Wiktionary-Dictionaries/master/Hungarian-English%20Wiktionary%20dictionary%20stardict.tar.gz					
hrx	eng	Hunsrik-English	https://raw.githubusercontent.com/Vuizur/Wiktionary-Dictionaries/master/Hunsrik-English%20Wiktionary%20dictionary%20stardict.tar.gz					
iba	eng	Iban-English	https://raw.githubusercontent.com/Vuizur/Wiktionary-Dictionaries/master/Iban-English%20Wiktionary%20dictionary%20stardict.tar.gz					
isl	eng	Icelandic-English	https://raw.githubusercontent.com/Vuizur/Wiktionary-Dictionaries/master/Icelandic-English%20Wiktionary%20dictionary%20stardict.tar.gz					
ido	eng	Ido-English	https://raw.githubusercontent.com/Vuizur/Wiktionary-Dictionaries/master/Ido-English%20Wiktionary%20dictionary%20stardict.tar.gz					
ilo	eng	Ilocano-English	https://raw.githubusercontent.com/Vuizur/Wiktionary-Dictionaries/master/Ilocano-English%20Wiktionary%20dictionary%20stardict.tar.gz					
smn	eng	Inari Sami-English	https://raw.githubusercontent.com/Vuizur/Wiktionary-Dictionaries/master/Inari%20Sami-English%20Wiktionary%20dictionary%20stardict.tar.gz					
ind	eng	Indonesian-English	https://raw.githubusercontent.com/Vuizur/Wiktionary-Dictionaries/master/Indonesian-English%20Wiktionary%20dictionary%20stardict.tar.gz					
izh	eng	Ingrian-English	https://raw.githubusercontent.com/Vuizur/Wiktionary-Dictionaries/master/Ingrian-English%20Wiktionary%20dictionary%20stardict.tar.gz					
ina	eng	Interlingua-English	https://raw.githubusercontent.com/Vuizur/Wiktionary-Dictionaries/master/Interlingua-English%20Wiktionary%20dictionary%20stardict.tar.gz					
ipk	eng	Inupiaq-English	https://raw.githubusercontent.com/Vuizur/Wiktionary-Dictionaries/master/Inupiaq-English%20Wiktionary%20dictionary%20stardict.tar.gz					
gle	eng	Irish-English	https://raw.githubusercontent.com/Vuizur/Wiktionary-Dictionaries/master/Irish-English%20Wiktionary%20dictionary%20stardict.tar.gz					
ita	eng	Italian-English	https://raw.githubusercontent.com/Vuizur/Wiktionary-Dictionaries/master/Italian-English%20Wiktionary%20dictionary%20stardict.tar.gz					
jpn	eng	Japanese-English	https://raw.githubusercontent.com/Vuizur/Wiktionary-Dictionaries/master/Japanese-English%20Wiktionary%20dictionary%20stardict.tar.gz					
jav	eng	Javanese-English	https://raw.githubusercontent.com/Vuizur/Wiktionary-Dictionaries/master/Javanese-English%20Wiktionary%20dictionary%20stardict.tar.gz					
jje	eng	Jeju-English	https://raw.githubusercontent.com/Vuizur/Wiktionary-Dictionaries/master/Jeju-English%20Wiktionary%20dictionary%20stardict.tar.gz					
kbd	eng	Kabardian-English	https://raw.githubusercontent.com/Vuizur/Wiktionary-Dictionaries/master/Kabardian-English%20Wiktionary%20dictionary%20stardict.tar.gz					
kea	eng	Kabuverdianu-English	https://raw.githubusercontent.com/Vuizur/Wiktionary-Dictionaries/master/Kabuverdianu-English%20Wiktionary%20dictionary%20stardict.tar.gz					
kls	eng	Kalasha-English	https://raw.githubusercontent.com/Vuizur/Wiktionary-Dictionaries/master/Kalasha-English%20Wiktionary%20dictionary%20stardict.tar.gz					
kan	eng	Kannada-English	https://raw.githubusercontent.com/Vuizur/Wiktionary-Dictionaries/master/Kannada-English%20Wiktionary%20dictionary%20stardict.tar.gz					
pam	eng	Kapampangan-English	https://raw.githubusercontent.com/Vuizur/Wiktionary-Dictionaries/master/Kapampangan-English%20Wiktionary%20dictionary%20stardict.tar.gz					
kyj	eng	Karao-English	https://raw.githubusercontent.com/Vuizur/Wiktionary-Dictionaries/master/Karao-English%20Wiktionary%20dictionary%20stardict.tar.gz					
krl	eng	Karelian-English	https://raw.githubusercontent.com/Vuizur/Wiktionary-Dictionaries/master/Karelian-English%20Wiktionary%20dictionary%20stardict.tar.gz					
kas	eng	Kashmiri-English	https://raw.githubusercontent.com/Vuizur/Wiktionary-Dictionaries/master/Kashmiri-English%20Wiktionary%20dictionary%20stardict.tar.gz					
csb	eng	Kashubian-English	https://raw.githubusercontent.com/Vuizur/Wiktionary-Dictionaries/master/Kashubian-English%20Wiktionary%20dictionary%20stardict.tar.gz					
ckv	eng	Kavalan-English	https://raw.githubusercontent.com/Vuizur/Wiktionary-Dictionaries/master/Kavalan-English%20Wiktionary%20dictionary%20stardict.tar.gz					
kaz	eng	Kazakh-English	https://raw.githubusercontent.com/Vuizur/Wiktionary-Dictionaries/master/Kazakh-English%20Wiktionary%20dictionary%20stardict.tar.gz					
khm	eng	Khmer-English	https://raw.githubusercontent.com/Vuizur/Wiktionary-Dictionaries/master/Khmer-English%20Wiktionary%20dictionary%20stardict.tar.gz					
kik	eng	Kikuyu-English	https://raw.githubusercontent.com/Vuizur/Wiktionary-Dictionaries/master/Kikuyu-English%20Wiktionary%20dictionary%20stardict.tar.gz					
kpv	eng	Komi-Zyrian-English	https://raw.githubusercontent.com/Vuizur/Wiktionary-Dictionaries/master/Komi-Zyrian-English%20Wiktionary%20dictionary%20stardict.tar.gz					
kok	eng	Konkani-English	https://raw.githubusercontent.com/Vuizur/Wiktionary-Dictionaries/master/Konkani-English%20Wiktionary%20dictionary%20stardict.tar.gz					
kor	eng	Korean-English	https://raw.githubusercontent.com/Vuizur/Wiktionary-Dictionaries/master/Korean-English%20Wiktionary%20dictionary%20stardict.tar.gz					
kum	eng	Kumyk-English	https://raw.githubusercontent.com/Vuizur/Wiktionary-Dictionaries/master/Kumyk-English%20Wiktionary%20dictionary%20stardict.tar.gz					
kir	eng	Kyrgyz-English	https://raw.githubusercontent.com/Vuizur/Wiktionary-Dictionaries/master/Kyrgyz-English%20Wiktionary%20dictionary%20stardict.tar.gz					
lld	eng	Ladin-English	https://raw.githubusercontent.com/Vuizur/Wiktionary-Dictionaries/master/Ladin-English%20Wiktionary%20dictionary%20stardict.tar.gz					
lad	eng	Ladino-English	https://raw.githubusercontent.com/Vuizur/Wiktionary-Dictionaries/master/Ladino-English%20Wiktionary%20dictionary%20stardict.tar.gz					
lkt	eng	Lakota-English	https://raw.githubusercontent.com/Vuizur/Wiktionary-Dictionaries/master/Lakota-English%20Wiktionary%20dictionary%20stardict.tar.gz					
lao	eng	Lao-English	https://raw.githubusercontent.com/Vuizur/Wiktionary-Dictionaries/master/Lao-English%20Wiktionary%20dictionary%20stardict.tar.gz					
ltg	eng	Latgalian-English	https://raw.githubusercontent.com/Vuizur/Wiktionary-Dictionaries/master/Latgalian-English%20Wiktionary%20dictionary%20stardict.tar.gz					
lat	eng	Latin-English	https://raw.githubusercontent.com/Vuizur/Wiktionary-Dictionaries/master/Latin-English%20Wiktionary%20dictionary%20stardict.tar.gz					
lav	eng	Latvian-English	https://raw.githubusercontent.com/Vuizur/Wiktionary-Dictionaries/master/Latvian-English%20Wiktionary%20dictionary%20stardict.tar.gz					
lzz	eng	Laz-English	https://raw.githubusercontent.com/Vuizur/Wiktionary-Dictionaries/master/Laz-English%20Wiktionary%20dictionary%20stardict.tar.gz					
lij	eng	Ligurian-English	https://raw.githubusercontent.com/Vuizur/Wiktionary-Dictionaries/master/Ligurian-English%20Wiktionary%20dictionary%20stardict.tar.gz					
lim	eng	Limburgish-English	https://raw.githubusercontent.com/Vuizur/Wiktionary-Dictionaries/master/Limburgish-English%20Wiktionary%20dictionary%20stardict.tar.gz					
klw	eng	Lindu-English	https://raw.githubusercontent.com/Vuizur/Wiktionary-Dictionaries/master/Lindu-English%20Wiktionary%20dictionary%20stardict.tar.gz					
lin	eng	Lingala-English	https://raw.githubusercontent.com/Vuizur/Wiktionary-Dictionaries/master/Lingala-English%20Wiktionary%20dictionary%20stardict.tar.gz					
lit	eng	Lithuanian-English	https://raw.githubusercontent.com/Vuizur/Wiktionary-Dictionaries/master/Lithuanian-English%20Wiktionary%20dictionary%20stardict.tar.gz					
liv	eng	Livonian-English	https://raw.githubusercontent.com/Vuizur/Wiktionary-Dictionaries/master/Livonian-English%20Wiktionary%20dictionary%20stardict.tar.gz					
olo	eng	Livvi-English	https://raw.githubusercontent.com/Vuizur/Wiktionary-Dictionaries/master/Livvi-English%20Wiktionary%20dictionary%20stardict.tar.gz					
lmo	eng	Lombard-English	https://raw.githubusercontent.com/Vuizur/Wiktionary-Dictionaries/master/Lombard-English%20Wiktionary%20dictionary%20stardict.tar.gz					
lou	eng	Louisiana Creole French-English	https://raw.githubusercontent.com/Vuizur/Wiktionary-Dictionaries/master/Louisiana%20Creole%20French-English%20Wiktionary%20dictionary%20stardict.tar.gz					
nds	eng	Low German-English	https://raw.githubusercontent.com/Vuizur/Wiktionary-Dictionaries/master/Low%20German-English%20Wiktionary%20dictionary%20stardict.tar.gz					
dsb	eng	Lower Sorbian-English	https://raw.githubusercontent.com/Vuizur/Wiktionary-Dictionaries/master/Lower%20Sorbian-English%20Wiktionary%20dictionary%20stardict.tar.gz					
smj	eng	Lule Sami-English	https://raw.githubusercontent.com/Vuizur/Wiktionary-Dictionaries/master/Lule%20Sami-English%20Wiktionary%20dictionary%20stardict.tar.gz					
lut	eng	Lushootseed-English	https://raw.githubusercontent.com/Vuizur/Wiktionary-Dictionaries/master/Lushootseed-English%20Wiktionary%20dictionary%20stardict.tar.gz					
ltz	eng	Luxembourgish-English	https://raw.githubusercontent.com/Vuizur/Wiktionary-Dictionaries/master/Luxembourgish-English%20Wiktionary%20dictionary%20stardict.tar.gz					
khb	eng	Lü-English	https://raw.githubusercontent.com/Vuizur/Wiktionary-Dictionaries/master/Lü-English Wiktionary dictionary stardict.tar.gz					
mkd	eng	Macedonian-English	https://raw.githubusercontent.com/Vuizur/Wiktionary-Dictionaries/master/Macedonian-English%20Wiktionary%20dictionary%20stardict.tar.gz					
mag	eng	Magahi-English	https://raw.githubusercontent.com/Vuizur/Wiktionary-Dictionaries/master/Magahi-English%20Wiktionary%20dictionary%20stardict.tar.gz					
mak	eng	Makasar-English	https://raw.githubusercontent.com/Vuizur/Wiktionary-Dictionaries/master/Makasar-English%20Wiktionary%20dictionary%20stardict.tar.gz					
mlg	eng	Malagasy-English	https://raw.githubusercontent.com/Vuizur/Wiktionary-Dictionaries/master/Malagasy-English%20Wiktionary%20dictionary%20stardict.tar.gz					
msa	eng	Malay-English	https://raw.githubusercontent.com/Vuizur/Wiktionary-Dictionaries/master/Malay-English%20Wiktionary%20dictionary%20stardict.tar.gz					
mal	eng	Malayalam-English	https://raw.githubusercontent.com/Vuizur/Wiktionary-Dictionaries/master/Malayalam-English%20Wiktionary%20dictionary%20stardict.tar.gz					
mlt	eng	Maltese-English	https://raw.githubusercontent.com/Vuizur/Wiktionary-Dictionaries/master/Maltese-English%20Wiktionary%20dictionary%20stardict.tar.gz					
mnc	eng	Manchu-English	https://raw.githubusercontent.com/Vuizur/Wiktionary-Dictionaries/master/Manchu-English%20Wiktionary%20dictionary%20stardict.tar.gz					
cmn	eng	Mandarin-English	https://raw.githubusercontent.com/Vuizur/Wiktionary-Dictionaries/master/Mandarin-English%20Wiktionary%20dictionary%20stardict.tar.gz					
glv	eng	Manx-English	https://raw.githubusercontent.com/Vuizur/Wiktionary-Dictionaries/master/Manx-English%20Wiktionary%20dictionary%20stardict.tar.gz					
mri	eng	Maori-English	https://raw.githubusercontent.com/Vuizur/Wiktionary-Dictionaries/master/Maori-English%20Wiktionary%20dictionary%20stardict.tar.gz					
arn	eng	Mapudungun-English	https://raw.githubusercontent.com/Vuizur/Wiktionary-Dictionaries/master/Mapudungun-English%20Wiktionary%20dictionary%20stardict.tar.gz					
mch	eng	Maquiritari-English	https://raw.githubusercontent.com/Vuizur/Wiktionary-Dictionaries/master/Maquiritari-English%20Wiktionary%20dictionary%20stardict.tar.gz					
mrw	eng	Maranao-English	https://raw.githubusercontent.com/Vuizur/Wiktionary-Dictionaries/master/Maranao-English%20Wiktionary%20dictionary%20stardict.tar.gz					
mar	eng	Marathi-English	https://raw.githubusercontent.com/Vuizur/Wiktionary-Dictionaries/master/Marathi-English%20Wiktionary%20dictionary%20stardict.tar.gz					
mah	eng	Marshallese-English	https://raw.githubusercontent.com/Vuizur/Wiktionary-Dictionaries/master/Marshallese-English%20Wiktionary%20dictionary%20stardict.tar.gz					
mfe	eng	Mauritian Creole-English	https://raw.githubusercontent.com/Vuizur/Wiktionary-Dictionaries/master/Mauritian%20Creole-English%20Wiktionary%20dictionary%20stardict.tar.gz					
axm	eng	Middle Armenian-English	https://raw.githubusercontent.com/Vuizur/Wiktionary-Dictionaries/master/Middle%20Armenian-English%20Wiktionary%20dictionary%20stardict.tar.gz					
dum	eng	Middle Dutch-English	https://raw.githubusercontent.com/Vuizur/Wiktionary-Dictionaries/master/Middle%20Dutch-English%20Wiktionary%20dictionary%20stardict.tar.gz					
enm	eng	Middle English-English	https://raw.githubusercontent.com/Vuizur/Wiktionary-Dictionaries/master/Middle%20English-English%20Wiktionary%20dictionary%20stardict.tar.gz					
frm	eng	Middle French-English	https://raw.githubusercontent.com/Vuizur/Wiktionary-Dictionaries/master/Middle%20French-English%20Wiktionary%20dictionary%20stardict.tar.gz					
mga	eng	Middle Irish-English	https://raw.githubusercontent.com/Vuizur/Wiktionary-Dictionaries/master/Middle%20Irish-English%20Wiktionary%20dictionary%20stardict.tar.gz					
okm	eng	Middle Korean-English	https://raw.githubusercontent.com/Vuizur/Wiktionary-Dictionaries/master/Middle%20Korean-English%20Wiktionary%20dictionary%20stardict.tar.gz					
nan	eng	Min Nan-English	https://raw.githubusercontent.com/Vuizur/Wiktionary-Dictionaries/master/Min%20Nan-English%20Wiktionary%20dictionary%20stardict.tar.gz					
xmf	eng	Mingrelian-English	https://raw.githubusercontent.com/Vuizur/Wiktionary-Dictionaries/master/Mingrelian-English%20Wiktionary%20dictionary%20stardict.tar.gz					
mwl	eng	Mirandese-English	https://raw.githubusercontent.com/Vuizur/Wiktionary-Dictionaries/master/Mirandese-English%20Wiktionary%20dictionary%20stardict.tar.gz					
moh	eng	Mohawk-English	https://raw.githubusercontent.com/Vuizur/Wiktionary-Dictionaries/master/Mohawk-English%20Wiktionary%20dictionary%20stardict.tar.gz					
mdf	eng	Moksha-English	https://raw.githubusercontent.com/Vuizur/Wiktionary-Dictionaries/master/Moksha-English%20Wiktionary%20dictionary%20stardict.tar.gz					
mnw	eng	Mon-English	https://raw.githubusercontent.com/Vuizur/Wiktionary-Dictionaries/master/Mon-English%20Wiktionary%20dictionary%20stardict.tar.gz					
mon	eng	Mongolian-English	https://raw.githubusercontent.com/Vuizur/Wiktionary-Dictionaries/master/Mongolian-English%20Wiktionary%20dictionary%20stardict.tar.gz					
ary	eng	Moroccan Arabic-English	https://raw.githubusercontent.com/Vuizur/Wiktionary-Dictionaries/master/Moroccan%20Arabic-English%20Wiktionary%20dictionary%20stardict.tar.gz					
gld	eng	Nanai-English	https://raw.githubusercontent.com/Vuizur/Wiktionary-Dictionaries/master/Nanai-English%20Wiktionary%20dictionary%20stardict.tar.gz					
nav	eng	Navajo-English	https://raw.githubusercontent.com/Vuizur/Wiktionary-Dictionaries/master/Navajo-English%20Wiktionary%20dictionary%20stardict.tar.gz					
nap	eng	Neapolitan-English	https://raw.githubusercontent.com/Vuizur/Wiktionary-Dictionaries/master/Neapolitan-English%20Wiktionary%20dictionary%20stardict.tar.gz					
niv	eng	Nivkh-English	https://raw.githubusercontent.com/Vuizur/Wiktionary-Dictionaries/master/Nivkh-English%20Wiktionary%20dictionary%20stardict.tar.gz					
nrf	eng	Norman-English	https://raw.githubusercontent.com/Vuizur/Wiktionary-Dictionaries/master/Norman-English%20Wiktionary%20dictionary%20stardict.tar.gz					
frr	eng	North Frisian-English	https://raw.githubusercontent.com/Vuizur/Wiktionary-Dictionaries/master/North%20Frisian-English%20Wiktionary%20dictionary%20stardict.tar.gz					
kmr	eng	Northern Kurdish-English	https://raw.githubusercontent.com/Vuizur/Wiktionary-Dictionaries/master/Northern%20Kurdish-English%20Wiktionary%20dictionary%20stardict.tar.gz					
nde	eng	Northern Ndebele-English	https://raw.githubusercontent.com/Vuizur/Wiktionary-Dictionaries/master/Northern%20Ndebele-English%20Wiktionary%20dictionary%20stardict.tar.gz					
sme	eng	Northern Sami-English	https://raw.githubusercontent.com/Vuizur/Wiktionary-Dictionaries/master/Northern%20Sami-English%20Wiktionary%20dictionary%20stardict.tar.gz					
nob	eng	Norwegian Bokmål-English	https://raw.githubusercontent.com/Vuizur/Wiktionary-Dictionaries/master/Norwegian Bokmål-English Wiktionary dictionary stardict.tar.gz					
nno	eng	Norwegian Nynorsk-English	https://raw.githubusercontent.com/Vuizur/Wiktionary-Dictionaries/master/Norwegian%20Nynorsk-English%20Wiktionary%20dictionary%20stardict.tar.gz					
nor	eng	Norwegian-English	https://raw.githubusercontent.com/Vuizur/Wiktionary-Dictionaries/master/Norwegian-English%20Wiktionary%20dictionary%20stardict.tar.gz					
oci	eng	Occitan-English	https://raw.githubusercontent.com/Vuizur/Wiktionary-Dictionaries/master/Occitan-English%20Wiktionary%20dictionary%20stardict.tar.gz					
oji	eng	Ojibwe-English	https://raw.githubusercontent.com/Vuizur/Wiktionary-Dictionaries/master/Ojibwe-English%20Wiktionary%20dictionary%20stardict.tar.gz					
ryu	eng	Okinawan-English	https://raw.githubusercontent.com/Vuizur/Wiktionary-Dictionaries/master/Okinawan-English%20Wiktionary%20dictionary%20stardict.tar.gz					
xcl	eng	Old Armenian-English	https://raw.githubusercontent.com/Vuizur/Wiktionary-Dictionaries/master/Old%20Armenian-English%20Wiktionary%20dictionary%20stardict.tar.gz					
chu	eng	Old Church Slavonic-English	https://raw.githubusercontent.com/Vuizur/Wiktionary-Dictionaries/master/Old%20Church%20Slavonic-English%20Wiktionary%20dictionary%20stardict.tar.gz					
odt	eng	Old Dutch-English	https://raw.githubusercontent.com/Vuizur/Wiktionary-Dictionaries/master/Old%20Dutch-English%20Wiktionary%20dictionary%20stardict.tar.gz					
orv	eng	Old East Slavic-English	https://raw.githubusercontent.com/Vuizur/Wiktionary-Dictionaries/master/Old%20East%20Slavic-English%20Wiktionary%20dictionary%20stardict.tar.gz					
ang	eng	Old English-English	https://raw.githubusercontent.com/Vuizur/Wiktionary-Dictionaries/master/Old%20English-English%20Wiktionary%20dictionary%20stardict.tar.gz					
fro	eng	Old French-English	https://raw.githubusercontent.com/Vuizur/Wiktionary-Dictionaries/master/Old%20French-English%20Wiktionary%20dictionary%20stardict.tar.gz					
ofs	eng	Old Frisian-English	https://raw.githubusercontent.com/Vuizur/Wiktionary-Dictionaries/master/Old%20Frisian-English%20Wiktionary%20dictionary%20stardict.tar.gz					
oge	eng	Old Georgian-English	https://raw.githubusercontent.com/Vuizur/Wiktionary-Dictionaries/master/Old%20Georgian-English%20Wiktionary%20dictionary%20stardict.tar.gz					
goh	eng	Old High German-English	https://raw.githubusercontent.com/Vuizur/Wiktionary-Dictionaries/master/Old%20High%20German-English%20Wiktionary%20dictionary%20stardict.tar.gz					
sga	eng	Old Irish-English	https://raw.githubusercontent.com/Vuizur/Wiktionary-Dictionaries/master/Old%20Irish-English%20Wiktionary%20dictionary%20stardict.tar.gz					
ojp	eng	Old Japanese-English	https://raw.githubusercontent.com/Vuizur/Wiktionary-Dictionaries/master/Old%20Japanese-English%20Wiktionary%20dictionary%20stardict.tar.gz					
kaw	eng	Old Javanese-English	https://raw.githubusercontent.com/Vuizur/Wiktionary-Dictionaries/master/Old%20Javanese-English%20Wiktionary%20dictionary%20stardict.tar.gz					
non	eng	Old Norse-English	https://raw.githubusercontent.com/Vuizur/Wiktionary-Dictionaries/master/Old%20Norse-English%20Wiktionary%20dictionary%20stardict.tar.gz					
pro	eng	Old Occitan-English	https://raw.githubusercontent.com/Vuizur/Wiktionary-Dictionaries/master/Old%20Occitan-English%20Wiktionary%20dictionary%20stardict.tar.gz					
opl	eng	Old Polish-English	https://raw.githubusercontent.com/Vuizur/Wiktionary-Dictionaries/master/Old%20Polish-English%20Wiktionary%20dictionary%20stardict.tar.gz					
opt	eng	Old Portuguese-English	https://raw.githubusercontent.com/Vuizur/Wiktionary-Dictionaries/master/Old%20Portuguese-English%20Wiktionary%20dictionary%20stardict.tar.gz					
osx	eng	Old Saxon-English	https://raw.githubusercontent.com/Vuizur/Wiktionary-Dictionaries/master/Old%20Saxon-English%20Wiktionary%20dictionary%20stardict.tar.gz					
osp	eng	Old Spanish-English	https://raw.githubusercontent.com/Vuizur/Wiktionary-Dictionaries/master/Old%20Spanish-English%20Wiktionary%20dictionary%20stardict.tar.gz					
osw	eng	Old Swedish-English	https://raw.githubusercontent.com/Vuizur/Wiktionary-Dictionaries/master/Old%20Swedish-English%20Wiktionary%20dictionary%20stardict.tar.gz					
ori	eng	Oriya-English	https://raw.githubusercontent.com/Vuizur/Wiktionary-Dictionaries/master/Oriya-English%20Wiktionary%20dictionary%20stardict.tar.gz					
orm	eng	Oromo-English	https://raw.githubusercontent.com/Vuizur/Wiktionary-Dictionaries/master/Oromo-English%20Wiktionary%20dictionary%20stardict.tar.gz					
oss	eng	Ossetian-English	https://raw.githubusercontent.com/Vuizur/Wiktionary-Dictionaries/master/Ossetian-English%20Wiktionary%20dictionary%20stardict.tar.gz					
ota	eng	Ottoman Turkish-English	https://raw.githubusercontent.com/Vuizur/Wiktionary-Dictionaries/master/Ottoman%20Turkish-English%20Wiktionary%20dictionary%20stardict.tar.gz					
pli	eng	Pali-English	https://raw.githubusercontent.com/Vuizur/Wiktionary-Dictionaries/master/Pali-English%20Wiktionary%20dictionary%20stardict.tar.gz					
pap	eng	Papiamentu-English	https://raw.githubusercontent.com/Vuizur/Wiktionary-Dictionaries/master/Papiamentu-English%20Wiktionary%20dictionary%20stardict.tar.gz					
pus	eng	Pashto-English	https://raw.githubusercontent.com/Vuizur/Wiktionary-Dictionaries/master/Pashto-English%20Wiktionary%20dictionary%20stardict.tar.gz					
pdc	eng	Pennsylvania German-English	https://raw.githubusercontent.com/Vuizur/Wiktionary-Dictionaries/master/Pennsylvania%20German-English%20Wiktionary%20dictionary%20stardict.tar.gz					
fas	eng	Persian-English	https://raw.githubusercontent.com/Vuizur/Wiktionary-Dictionaries/master/Persian-English%20Wiktionary%20dictionary%20stardict.tar.gz					
phl	eng	Phalura-English	https://raw.githubusercontent.com/Vuizur/Wiktionary-Dictionaries/master/Phalura-English%20Wiktionary%20dictionary%20stardict.tar.gz					
pdt	eng	Phuthi-English	https://raw.githubusercontent.com/Vuizur/Wiktionary-Dictionaries/master/Phuthi-English%20Wiktionary%20dictionary%20stardict.tar.gz					
pms	eng	Piedmontese-English	https://raw.githubusercontent.com/Vuizur/Wiktionary-Dictionaries/master/Piedmontese-English%20Wiktionary%20dictionary%20stardict.tar.gz					
sje	eng	Pite Sami-English	https://raw.githubusercontent.com/Vuizur/Wiktionary-Dictionaries/master/Pite%20Sami-English%20Wiktionary%20dictionary%20stardict.tar.gz					
pdt	eng	Plautdietsch-English	https://raw.githubusercontent.com/Vuizur/Wiktionary-Dictionaries/master/Plautdietsch-English%20Wiktionary%20dictionary%20stardict.tar.gz					
pol	eng	Polish-English	https://raw.githubusercontent.com/Vuizur/Wiktionary-Dictionaries/master/Polish-English%20Wiktionary%20dictionary%20stardict.tar.gz					
por	eng	Portuguese-English	https://raw.githubusercontent.com/Vuizur/Wiktionary-Dictionaries/master/Portuguese-English%20Wiktionary%20dictionary%20stardict.tar.gz					
pra	eng	Prakrit-English	https://raw.githubusercontent.com/Vuizur/Wiktionary-Dictionaries/master/Prakrit-English%20Wiktionary%20dictionary%20stardict.tar.gz					
brt-pro	eng	Proto-Brythonic-English	https://raw.githubusercontent.com/Vuizur/Wiktionary-Dictionaries/master/Proto-Brythonic-English%20Wiktionary%20dictionary%20stardict.tar.gz					
cel-pro	eng	Proto-Celtic-English	https://raw.githubusercontent.com/Vuizur/Wiktionary-Dictionaries/master/Proto-Celtic-English%20Wiktionary%20dictionary%20stardict.tar.gz					
fiu-pro	eng	Proto-Finnic-English	https://raw.githubusercontent.com/Vuizur/Wiktionary-Dictionaries/master/Proto-Finnic-English%20Wiktionary%20dictionary%20stardict.tar.gz					
gem-pro	eng	Proto-Germanic-English	https://raw.githubusercontent.com/Vuizur/Wiktionary-Dictionaries/master/Proto-Germanic-English%20Wiktionary%20dictionary%20stardict.tar.gz					
ine-pro	eng	Proto-Indo-European-English	https://raw.githubusercontent.com/Vuizur/Wiktionary-Dictionaries/master/Proto-Indo-European-English%20Wiktionary%20dictionary%20stardict.tar.gz					
iir-pro	eng	Proto-Indo-Iranian-English	https://raw.githubusercontent.com/Vuizur/Wiktionary-Dictionaries/master/Proto-Indo-Iranian-English%20Wiktionary%20dictionary%20stardict.tar.gz					
itc-pro	eng	Proto-Italic-English	https://raw.githubusercontent.com/Vuizur/Wiktionary-Dictionaries/master/Proto-Italic-English%20Wiktionary%20dictionary%20stardict.tar.gz					
poz-pro	eng	Proto-Malayo-Polynesian-English	https://raw.githubusercontent.com/Vuizur/Wiktionary-Dictionaries/master/Proto-Malayo-Polynesian-English%20Wiktionary%20dictionary%20stardict.tar.gz					
smi-pro	eng	Proto-Samic-English	https://raw.githubusercontent.com/Vuizur/Wiktionary-Dictionaries/master/Proto-Samic-English%20Wiktionary%20dictionary%20stardict.tar.gz					
sla-pro	eng	Proto-Slavic-English	https://raw.githubusercontent.com/Vuizur/Wiktionary-Dictionaries/master/Proto-Slavic-English%20Wiktionary%20dictionary%20stardict.tar.gz					
trk-pro	eng	Proto-Turkic-English	https://raw.githubusercontent.com/Vuizur/Wiktionary-Dictionaries/master/Proto-Turkic-English%20Wiktionary%20dictionary%20stardict.tar.gz					
gmw-pro	eng	Proto-West Germanic-English	https://raw.githubusercontent.com/Vuizur/Wiktionary-Dictionaries/master/Proto-West%20Germanic-English%20Wiktionary%20dictionary%20stardict.tar.gz					
pan	eng	Punjabi-English	https://raw.githubusercontent.com/Vuizur/Wiktionary-Dictionaries/master/Punjabi-English%20Wiktionary%20dictionary%20stardict.tar.gz					
que	eng	Quechua-English	https://raw.githubusercontent.com/Vuizur/Wiktionary-Dictionaries/master/Quechua-English%20Wiktionary%20dictionary%20stardict.tar.gz					
rgn	eng	Romagnol-English	https://raw.githubusercontent.com/Vuizur/Wiktionary-Dictionaries/master/Romagnol-English%20Wiktionary%20dictionary%20stardict.tar.gz					
rom	eng	Romani-English	https://raw.githubusercontent.com/Vuizur/Wiktionary-Dictionaries/master/Romani-English%20Wiktionary%20dictionary%20stardict.tar.gz					
ron	eng	Romanian-English	https://raw.githubusercontent.com/Vuizur/Wiktionary-Dictionaries/master/Romanian-English%20Wiktionary%20dictionary%20stardict.tar.gz					
roh	eng	Romansch-English	https://raw.githubusercontent.com/Vuizur/Wiktionary-Dictionaries/master/Romansch-English%20Wiktionary%20dictionary%20stardict.tar.gz					
rus	eng	Russian-English	https://raw.githubusercontent.com/Vuizur/Wiktionary-Dictionaries/master/Russian-English%20Wiktionary%20dictionary%20stardict.tar.gz					
kin	eng	Rwanda-Rundi-English	https://raw.githubusercontent.com/Vuizur/Wiktionary-Dictionaries/master/Rwanda-Rundi-English%20Wiktionary%20dictionary%20stardict.tar.gz					
szy	eng	Sakizaya-English	https://raw.githubusercontent.com/Vuizur/Wiktionary-Dictionaries/master/Sakizaya-English%20Wiktionary%20dictionary%20stardict.tar.gz					
xsb	eng	Sambali-English	https://raw.githubusercontent.com/Vuizur/Wiktionary-Dictionaries/master/Sambali-English%20Wiktionary%20dictionary%20stardict.tar.gz					
san	eng	Sanskrit-English	https://raw.githubusercontent.com/Vuizur/Wiktionary-Dictionaries/master/Sanskrit-English%20Wiktionary%20dictionary%20stardict.tar.gz					
srd	eng	Sardinian-English	https://raw.githubusercontent.com/Vuizur/Wiktionary-Dictionaries/master/Sardinian-English%20Wiktionary%20dictionary%20stardict.tar.gz					
stq	eng	Saterland Frisian-English	https://raw.githubusercontent.com/Vuizur/Wiktionary-Dictionaries/master/Saterland%20Frisian-English%20Wiktionary%20dictionary%20stardict.tar.gz					
sco	eng	Scots-English	https://raw.githubusercontent.com/Vuizur/Wiktionary-Dictionaries/master/Scots-English%20Wiktionary%20dictionary%20stardict.tar.gz					
gla	eng	Scottish Gaelic-English	https://raw.githubusercontent.com/Vuizur/Wiktionary-Dictionaries/master/Scottish%20Gaelic-English%20Wiktionary%20dictionary%20stardict.tar.gz					
hbs	eng	Serbo-Croatian-English	https://raw.githubusercontent.com/Vuizur/Wiktionary-Dictionaries/master/Serbo-Croatian-English%20Wiktionary%20dictionary%20stardict.tar.gz					
shn	eng	Shan-English	https://raw.githubusercontent.com/Vuizur/Wiktionary-Dictionaries/master/Shan-English%20Wiktionary%20dictionary%20stardict.tar.gz					
scn	eng	Sicilian-English	https://raw.githubusercontent.com/Vuizur/Wiktionary-Dictionaries/master/Sicilian-English%20Wiktionary%20dictionary%20stardict.tar.gz					
szl	eng	Silesian-English	https://raw.githubusercontent.com/Vuizur/Wiktionary-Dictionaries/master/Silesian-English%20Wiktionary%20dictionary%20stardict.tar.gz					
sms	eng	Skolt Sami-English	https://raw.githubusercontent.com/Vuizur/Wiktionary-Dictionaries/master/Skolt%20Sami-English%20Wiktionary%20dictionary%20stardict.tar.gz					
slk	eng	Slovak-English	https://raw.githubusercontent.com/Vuizur/Wiktionary-Dictionaries/master/Slovak-English%20Wiktionary%20dictionary%20stardict.tar.gz					
slv	eng	Slovene-English	https://raw.githubusercontent.com/Vuizur/Wiktionary-Dictionaries/master/Slovene-English%20Wiktionary%20dictionary%20stardict.tar.gz					
som	eng	Somali-English	https://raw.githubusercontent.com/Vuizur/Wiktionary-Dictionaries/master/Somali-English%20Wiktionary%20dictionary%20stardict.tar.gz					
sot	eng	Sotho-English	https://raw.githubusercontent.com/Vuizur/Wiktionary-Dictionaries/master/Sotho-English%20Wiktionary%20dictionary%20stardict.tar.gz					
ajp	eng	South Levantine Arabic-English	https://raw.githubusercontent.com/Vuizur/Wiktionary-Dictionaries/master/South%20Levantine%20Arabic-English%20Wiktionary%20dictionary%20stardict.tar.gz					
alt	eng	Southern Altai-English	https://raw.githubusercontent.com/Vuizur/Wiktionary-Dictionaries/master/Southern%20Altai-English%20Wiktionary%20dictionary%20stardict.tar.gz					
nbl	eng	Southern Ndebele-English	https://raw.githubusercontent.com/Vuizur/Wiktionary-Dictionaries/master/Southern%20Ndebele-English%20Wiktionary%20dictionary%20stardict.tar.gz					
spa	eng	Spanish-English	https://raw.githubusercontent.com/Vuizur/Wiktionary-Dictionaries/master/Spanish-English%20Wiktionary%20dictionary%20stardict.tar.gz					
srn	eng	Sranan Tongo-English	https://raw.githubusercontent.com/Vuizur/Wiktionary-Dictionaries/master/Sranan%20Tongo-English%20Wiktionary%20dictionary%20stardict.tar.gz					
sux	eng	Sumerian-English	https://raw.githubusercontent.com/Vuizur/Wiktionary-Dictionaries/master/Sumerian-English%20Wiktionary%20dictionary%20stardict.tar.gz					
sun	eng	Sundanese-English	https://raw.githubusercontent.com/Vuizur/Wiktionary-Dictionaries/master/Sundanese-English%20Wiktionary%20dictionary%20stardict.tar.gz					
swa	eng	Swahili-English	https://raw.githubusercontent.com/Vuizur/Wiktionary-Dictionaries/master/Swahili-English%20Wiktionary%20dictionary%20stardict.tar.gz					
ssw	eng	Swazi-English	https://raw.githubusercontent.com/Vuizur/Wiktionary-Dictionaries/master/Swazi-English%20Wiktionary%20dictionary%20stardict.tar.gz					
tgl	eng	Tagalog-English	https://raw.githubusercontent.com/Vuizur/Wiktionary-Dictionaries/master/Tagalog-English%20Wiktionary%20dictionary%20stardict.tar.gz					
tgk	eng	Tajik-English	https://raw.githubusercontent.com/Vuizur/Wiktionary-Dictionaries/master/Tajik-English%20Wiktionary%20dictionary%20stardict.tar.gz					
tam	eng	Tamil-English	https://raw.githubusercontent.com/Vuizur/Wiktionary-Dictionaries/master/Tamil-English%20Wiktionary%20dictionary%20stardict.tar.gz					
txg	eng	Tangut-English	https://raw.githubusercontent.com/Vuizur/Wiktionary-Dictionaries/master/Tangut-English%20Wiktionary%20dictionary%20stardict.tar.gz					
twf	eng	Taos-English	https://raw.githubusercontent.com/Vuizur/Wiktionary-Dictionaries/master/Taos-English%20Wiktionary%20dictionary%20stardict.tar.gz					
taz	eng	Tarantino-English	https://raw.githubusercontent.com/Vuizur/Wiktionary-Dictionaries/master/Tarantino-English%20Wiktionary%20dictionary%20stardict.tar.gz					
tat	eng	Tatar-English	https://raw.githubusercontent.com/Vuizur/Wiktionary-Dictionaries/master/Tatar-English%20Wiktionary%20dictionary%20stardict.tar.gz					
tsg	eng	Tausug-English	https://raw.githubusercontent.com/Vuizur/Wiktionary-Dictionaries/master/Tausug-English%20Wiktionary%20dictionary%20stardict.tar.gz					
tel	eng	Telugu-English	https://raw.githubusercontent.com/Vuizur/Wiktionary-Dictionaries/master/Telugu-English%20Wiktionary%20dictionary%20stardict.tar.gz					
tft	eng	Ternate-English	https://raw.githubusercontent.com/Vuizur/Wiktionary-Dictionaries/master/Ternate-English%20Wiktionary%20dictionary%20stardict.tar.gz					
nhg	eng	Tetelcingo Nahuatl-English	https://raw.githubusercontent.com/Vuizur/Wiktionary-Dictionaries/master/Tetelcingo%20Nahuatl-English%20Wiktionary%20dictionary%20stardict.tar.gz					
tet	eng	Tetum-English	https://raw.githubusercontent.com/Vuizur/Wiktionary-Dictionaries/master/Tetum-English%20Wiktionary%20dictionary%20stardict.tar.gz					
tha	eng	Thai-English	https://raw.githubusercontent.com/Vuizur/Wiktionary-Dictionaries/master/Thai-English%20Wiktionary%20dictionary%20stardict.tar.gz					
bod	eng	Tibetan-English	https://raw.githubusercontent.com/Vuizur/Wiktionary-Dictionaries/master/Tibetan-English%20Wiktionary%20dictionary%20stardict.tar.gz					
tir	eng	Tigrinya-English	https://raw.githubusercontent.com/Vuizur/Wiktionary-Dictionaries/master/Tigrinya-English%20Wiktionary%20dictionary%20stardict.tar.gz					
xto	eng	Tocharian A-English	https://raw.githubusercontent.com/Vuizur/Wiktionary-Dictionaries/master/Tocharian%20A-English%20Wiktionary%20dictionary%20stardict.tar.gz					
txb	eng	Tocharian B-English	https://raw.githubusercontent.com/Vuizur/Wiktionary-Dictionaries/master/Tocharian%20B-English%20Wiktionary%20dictionary%20stardict.tar.gz					
tpi	eng	Tok Pisin-English	https://raw.githubusercontent.com/Vuizur/Wiktionary-Dictionaries/master/Tok%20Pisin-English%20Wiktionary%20dictionary%20stardict.tar.gz					
tkl	eng	Tokelauan-English	https://raw.githubusercontent.com/Vuizur/Wiktionary-Dictionaries/master/Tokelauan-English%20Wiktionary%20dictionary%20stardict.tar.gz					
zxx	eng	Translingual-English	https://raw.githubusercontent.com/Vuizur/Wiktionary-Dictionaries/master/Translingual-English%20Wiktionary%20dictionary%20stardict.tar.gz					
tur	eng	Turkish-English	https://raw.githubusercontent.com/Vuizur/Wiktionary-Dictionaries/master/Turkish-English%20Wiktionary%20dictionary%20stardict.tar.gz					
tuk	eng	Turkmen-English	https://raw.githubusercontent.com/Vuizur/Wiktionary-Dictionaries/master/Turkmen-English%20Wiktionary%20dictionary%20stardict.tar.gz					
tyv	eng	Tuvan-English	https://raw.githubusercontent.com/Vuizur/Wiktionary-Dictionaries/master/Tuvan-English%20Wiktionary%20dictionary%20stardict.tar.gz					
tyz	eng	Tày-English	https://raw.githubusercontent.com/Vuizur/Wiktionary-Dictionaries/master/Tày-English Wiktionary dictionary stardict.tar.gz					
uga	eng	Ugaritic-English	https://raw.githubusercontent.com/Vuizur/Wiktionary-Dictionaries/master/Ugaritic-English%20Wiktionary%20dictionary%20stardict.tar.gz					
ukr	eng	Ukrainian-English	https://raw.githubusercontent.com/Vuizur/Wiktionary-Dictionaries/master/Ukrainian-English%20Wiktionary%20dictionary%20stardict.tar.gz					
unm	eng	Unami-English	https://raw.githubusercontent.com/Vuizur/Wiktionary-Dictionaries/master/Unami-English%20Wiktionary%20dictionary%20stardict.tar.gz					
hsb	eng	Upper Sorbian-English	https://raw.githubusercontent.com/Vuizur/Wiktionary-Dictionaries/master/Upper%20Sorbian-English%20Wiktionary%20dictionary%20stardict.tar.gz					
urk	eng	Urak Lawoi'-English	https://raw.githubusercontent.com/Vuizur/Wiktionary-Dictionaries/master/Urak%20Lawoi'-English%20Wiktionary%20dictionary%20stardict.tar.gz					
urd	eng	Urdu-English	https://raw.githubusercontent.com/Vuizur/Wiktionary-Dictionaries/master/Urdu-English%20Wiktionary%20dictionary%20stardict.tar.gz					
uig	eng	Uyghur-English	https://raw.githubusercontent.com/Vuizur/Wiktionary-Dictionaries/master/Uyghur-English%20Wiktionary%20dictionary%20stardict.tar.gz					
uzb	eng	Uzbek-English	https://raw.githubusercontent.com/Vuizur/Wiktionary-Dictionaries/master/Uzbek-English%20Wiktionary%20dictionary%20stardict.tar.gz					
vec	eng	Venetian-English	https://raw.githubusercontent.com/Vuizur/Wiktionary-Dictionaries/master/Venetian-English%20Wiktionary%20dictionary%20stardict.tar.gz					
vep	eng	Veps-English	https://raw.githubusercontent.com/Vuizur/Wiktionary-Dictionaries/master/Veps-English%20Wiktionary%20dictionary%20stardict.tar.gz					
vie	eng	Vietnamese-English	https://raw.githubusercontent.com/Vuizur/Wiktionary-Dictionaries/master/Vietnamese-English%20Wiktionary%20dictionary%20stardict.tar.gz					
wym	eng	Vilamovian-English	https://raw.githubusercontent.com/Vuizur/Wiktionary-Dictionaries/master/Vilamovian-English%20Wiktionary%20dictionary%20stardict.tar.gz					
vol	eng	Volapük-English	https://raw.githubusercontent.com/Vuizur/Wiktionary-Dictionaries/master/Volapük-English Wiktionary dictionary stardict.tar.gz					
vot	eng	Votic-English	https://raw.githubusercontent.com/Vuizur/Wiktionary-Dictionaries/master/Votic-English%20Wiktionary%20dictionary%20stardict.tar.gz					
vro	eng	Võro-English	https://raw.githubusercontent.com/Vuizur/Wiktionary-Dictionaries/master/Võro-English Wiktionary dictionary stardict.tar.gz					
wln	eng	Walloon-English	https://raw.githubusercontent.com/Vuizur/Wiktionary-Dictionaries/master/Walloon-English%20Wiktionary%20dictionary%20stardict.tar.gz					
war	eng	Waray-Waray-English	https://raw.githubusercontent.com/Vuizur/Wiktionary-Dictionaries/master/Waray-Waray-English%20Wiktionary%20dictionary%20stardict.tar.gz					
cym	eng	Welsh-English	https://raw.githubusercontent.com/Vuizur/Wiktionary-Dictionaries/master/Welsh-English%20Wiktionary%20dictionary%20stardict.tar.gz					
fry	eng	West Frisian-English	https://raw.githubusercontent.com/Vuizur/Wiktionary-Dictionaries/master/West%20Frisian-English%20Wiktionary%20dictionary%20stardict.tar.gz					
mqs	eng	West Makian-English	https://raw.githubusercontent.com/Vuizur/Wiktionary-Dictionaries/master/West%20Makian-English%20Wiktionary%20dictionary%20stardict.tar.gz					
gmq-jrt	eng	Westrobothnian-English	https://raw.githubusercontent.com/Vuizur/Wiktionary-Dictionaries/master/Westrobothnian-English%20Wiktionary%20dictionary%20stardict.tar.gz					
wol	eng	Wolof-English	https://raw.githubusercontent.com/Vuizur/Wiktionary-Dictionaries/master/Wolof-English%20Wiktionary%20dictionary%20stardict.tar.gz					
xho	eng	Xhosa-English	https://raw.githubusercontent.com/Vuizur/Wiktionary-Dictionaries/master/Xhosa-English%20Wiktionary%20dictionary%20stardict.tar.gz					
sah	eng	Yakut-English	https://raw.githubusercontent.com/Vuizur/Wiktionary-Dictionaries/master/Yakut-English%20Wiktionary%20dictionary%20stardict.tar.gz					
yid	eng	Yiddish-English	https://raw.githubusercontent.com/Vuizur/Wiktionary-Dictionaries/master/Yiddish-English%20Wiktionary%20dictionary%20stardict.tar.gz					
yog	eng	Yogad-English	https://raw.githubusercontent.com/Vuizur/Wiktionary-Dictionaries/master/Yogad-English%20Wiktionary%20dictionary%20stardict.tar.gz					
yol	eng	Yola-English	https://raw.githubusercontent.com/Vuizur/Wiktionary-Dictionaries/master/Yola-English%20Wiktionary%20dictionary%20stardict.tar.gz					
yor	eng	Yoruba-English	https://raw.githubusercontent.com/Vuizur/Wiktionary-Dictionaries/master/Yoruba-English%20Wiktionary%20dictionary%20stardict.tar.gz					
yua	eng	Yucatec Maya-English	https://raw.githubusercontent.com/Vuizur/Wiktionary-Dictionaries/master/Yucatec%20Maya-English%20Wiktionary%20dictionary%20stardict.tar.gz					
zza	eng	Zazaki-English	https://raw.githubusercontent.com/Vuizur/Wiktionary-Dictionaries/master/Zazaki-English%20Wiktionary%20dictionary%20stardict.tar.gz					
zha	eng	Zhuang-English	https://raw.githubusercontent.com/Vuizur/Wiktionary-Dictionaries/master/Zhuang-English%20Wiktionary%20dictionary%20stardict.tar.gz					
zul	eng	Zulu-English	https://raw.githubusercontent.com/Vuizur/Wiktionary-Dictionaries/master/Zulu-English%20Wiktionary%20dictionary%20stardict.tar.gz					
cat	bul	wikdict-ca-bg	https://download.wikdict.com/dictionaries/stardict/wikdict-ca-bg.zip			Mon, 04 Aug 2025 00:00:00 GMT		
cat	dan	wikdict-ca-da	https://download.wikdict.com/dictionaries/stardict/wikdict-ca-da.zip			Mon, 04 Aug 2025 00:00:00 GMT		
cat	deu	wikdict-ca-de	https://download.wikdict.com/dictionaries/stardict/wikdict-ca-de.zip			Mon, 04 Aug 2025 00:00:00 GMT		
cat	ell	wikdict-ca-el	https://download.wikdict.com/dictionaries/stardict/wikdict-ca-el.zip			Mon, 04 Aug 2025 00:00:00 GMT		
cat	eng	wikdict-ca-en	https://download.wikdict.com/dictionaries/stardict/wikdict-ca-en.zip			Mon, 04 Aug 2025 00:00:00 GMT		
cat	spa	wikdict-ca-es	https://download.wikdict.com/dictionaries/stardict/wikdict-ca-es.zip			Mon, 04 Aug 2025 00:00:00 GMT		
cat	fin	wikdict-ca-fi	https://download.wikdict.com/dictionaries/stardict/wikdict-ca-fi.zip			Mon, 04 Aug 2025 00:00:00 GMT		
cat	fra	wikdict-ca-fr	https://download.wikdict.com/dictionaries/stardict/wikdict-ca-fr.zip			Mon, 04 Aug 2025 00:00:00 GMT		
cat	gle	wikdict-ca-ga	https://download.wikdict.com/dictionaries/stardict/wikdict-ca-ga.zip			Mon, 04 Aug 2025 00:00:00 GMT		
cat	ind	wikdict-ca-id	https://download.wikdict.com/dictionaries/stardict/wikdict-ca-id.zip			Mon, 04 Aug 2025 00:00:00 GMT		
cat	ita	wikdict-ca-it	https://download.wikdict.com/dictionaries/stardict/wikdict-ca-it.zip			Mon, 04 Aug 2025 00:00:00 GMT		
cat	jpn	wikdict-ca-ja	https://download.wikdict.com/dictionaries/stardict/wikdict-ca-ja.zip			Mon, 04 Aug 2025 00:00:00 GMT		
cat	lat	wikdict-ca-la	https://download.wikdict.com/dictionaries/stardict/wikdict-ca-la.zip			Mon, 04 Aug 2025 00:00:00 GMT		
cat	lit	wikdict-ca-lt	https://download.wikdict.com/dictionaries/stardict/wikdict-ca-lt.zip			Mon, 04 Aug 2025 00:00:00 GMT		
cat	nld	wikdict-ca-nl	https://download.wikdict.com/dictionaries/stardict/wikdict-ca-nl.zip			Mon, 04 Aug 2025 00:00:00 GMT		
cat	nor	wikdict-ca-no	https://download.wikdict.com/dictionaries/stardict/wikdict-ca-no.zip			Mon, 04 Aug 2025 00:00:00 GMT		
cat	pol	wikdict-ca-pl	https://download.wikdict.com/dictionaries/stardict/wikdict-ca-pl.zip			Mon, 04 Aug 2025 00:00:00 GMT		
cat	por	wikdict-ca-pt	https://download.wikdict.com/dictionaries/stardict/wikdict-ca-pt.zip			Mon, 04 Aug 2025 00:00:00 GMT		
cat	rus	wikdict-ca-ru	https://download.wikdict.com/dictionaries/stardict/wikdict-ca-ru.zip			Mon, 04 Aug 2025 00:00:00 GMT		
cat	swe	wikdict-ca-sv	https://download.wikdict.com/dictionaries/stardict/wikdict-ca-sv.zip			Mon, 04 Aug 2025 00:00:00 GMT		
cat	tur	wikdict-ca-tr	https://download.wikdict.com/dictionaries/stardict/wikdict-ca-tr.zip			Mon, 04 Aug 2025 00:00:00 GMT		
dan	cat	wikdict-da-ca	https://download.wikdict.com/dictionaries/stardict/wikdict-da-ca.zip			Mon, 04 Aug 2025 00:00:00 GMT		
dan	deu	wikdict-da-de	https://download.wikdict.com/dictionaries/stardict/wikdict-da-de.zip			Mon, 04 Aug 2025 00:00:00 GMT		
dan	ell	wikdict-da-el	https://download.wikdict.com/dictionaries/stardict/wikdict-da-el.zip			Mon, 04 Aug 2025 00:00:00 GMT		
dan	eng	wikdict-da-en	https://download.wikdict.com/dictionaries/stardict/wikdict-da-en.zip			Mon, 04 Aug 2025 00:00:00 GMT		
dan	spa	wikdict-da-es	https://download.wikdict.com/dictionaries/stardict/wikdict-da-es.zip			Mon, 04 Aug 2025 00:00:00 GMT		
dan	fin	wikdict-da-fi	https://download.wikdict.com/dictionaries/stardict/wikdict-da-fi.zip			Mon, 04 Aug 2025 00:00:00 GMT		
dan	fra	wikdict-da-fr	https://download.wikdict.com/dictionaries/stardict/wikdict-da-fr.zip			Mon, 04 Aug 2025 00:00:00 GMT		
dan	ita	wikdict-da-it	https://download.wikdict.com/dictionaries/stardict/wikdict-da-it.zip			Mon, 04 Aug 2025 00:00:00 GMT		
dan	jpn	wikdict-da-ja	https://download.wikdict.com/dictionaries/stardict/wikdict-da-ja.zip			Mon, 04 Aug 2025 00:00:00 GMT		
dan	pol	wikdict-da-pl	https://download.wikdict.com/dictionaries/stardict/wikdict-da-pl.zip			Mon, 04 Aug 2025 00:00:00 GMT		
dan	por	wikdict-da-pt	https://download.wikdict.com/dictionaries/stardict/wikdict-da-pt.zip			Mon, 04 Aug 2025 00:00:00 GMT		
dan	rus	wikdict-da-ru	https://download.wikdict.com/dictionaries/stardict/wikdict-da-ru.zip			Mon, 04 Aug 2025 00:00:00 GMT		
dan	swe	wikdict-da-sv	https://download.wikdict.com/dictionaries/stardict/wikdict-da-sv.zip			Mon, 04 Aug 2025 00:00:00 GMT		
dan	tur	wikdict-da-tr	https://download.wikdict.com/dictionaries/stardict/wikdict-da-tr.zip			Mon, 04 Aug 2025 00:00:00 GMT		
deu	bul	wikdict-de-bg	https://download.wikdict.com/dictionaries/stardict/wikdict-de-bg.zip			Mon, 04 Aug 2025 00:00:00 GMT		
deu	cat	wikdict-de-ca	https://download.wikdict.com/dictionaries/stardict/wikdict-de-ca.zip			Mon, 04 Aug 2025 00:00:00 GMT		
deu	dan	wikdict-de-da	https://download.wikdict.com/dictionaries/stardict/wikdict-de-da.zip			Mon, 04 Aug 2025 00:00:00 GMT		
deu	ell	wikdict-de-el	https://download.wikdict.com/dictionaries/stardict/wikdict-de-el.zip			Mon, 04 Aug 2025 00:00:00 GMT		
deu	eng	wikdict-de-en	https://download.wikdict.com/dictionaries/stardict/wikdict-de-en.zip			Mon, 04 Aug 2025 00:00:00 GMT		
deu	spa	wikdict-de-es	https://download.wikdict.com/dictionaries/stardict/wikdict-de-es.zip			Mon, 04 Aug 2025 00:00:00 GMT		
deu	fin	wikdict-de-fi	https://download.wikdict.com/dictionaries/stardict/wikdict-de-fi.zip			Mon, 04 Aug 2025 00:00:00 GMT		
deu	fra	wikdict-de-fr	https://download.wikdict.com/dictionaries/stardict/wikdict-de-fr.zip			Mon, 04 Aug 2025 00:00:00 GMT		
deu	gle	wikdict-de-ga	https://download.wikdict.com/dictionaries/stardict/wikdict-de-ga.zip			Mon, 04 Aug 2025 00:00:00 GMT		
deu	ind	wikdict-de-id	https://download.wikdict.com/dictionaries/stardict/wikdict-de-id.zip			Mon, 04 Aug 2025 00:00:00 GMT		
deu	ita	wikdict-de-it	https://download.wikdict.com/dictionaries/stardict/wikdict-de-it.zip			Mon, 04 Aug 2025 00:00:00 GMT		
deu	jpn	wikdict-de-ja	https://download.wikdict.com/dictionaries/stardict/wikdict-de-ja.zip			Mon, 04 Aug 2025 00:00:00 GMT		
deu	kur	wikdict-de-ku	https://download.wikdict.com/dictionaries/stardict/wikdict-de-ku.zip			Mon, 04 Aug 2025 00:00:00 GMT		
deu	lat	wikdict-de-la	https://download.wikdict.com/dictionaries/stardict/wikdict-de-la.zip			Mon, 04 Aug 2025 00:00:00 GMT		
deu	lit	wikdict-de-lt	https://download.wikdict.com/dictionaries/stardict/wikdict-de-lt.zip			Mon, 04 Aug 2025 00:00:00 GMT		
deu	mlg	wikdict-de-mg	https://download.wikdict.com/dictionaries/stardict/wikdict-de-mg.zip			Mon, 04 Aug 2025 00:00:00 GMT		
deu	nld	wikdict-de-nl	https://download.wikdict.com/dictionaries/stardict/wikdict-de-nl.zip			Mon, 04 Aug 2025 00:00:00 GMT		
deu	nor	wikdict-de-no	https://download.wikdict.com/dictionaries/stardict/wikdict-de-no.zip			Mon, 04 Aug 2025 00:00:00 GMT		
deu	pol	wikdict-de-pl	https://download.wikdict.com/dictionaries/stardict/wikdict-de-pl.zip			Mon, 04 Aug 2025 00:00:00 GMT		
deu	por	wikdict-de-pt	https://download.wikdict.com/dictionaries/stardict/wikdict-de-pt.zip			Mon, 04 Aug 2025 00:00:00 GMT		
deu	rus	wikdict-de-ru	https://download.wikdict.com/dictionaries/stardict/wikdict-de-ru.zip			Mon, 04 Aug 2025 00:00:00 GMT		
deu	swe	wikdict-de-sv	https://download.wikdict.com/dictionaries/stardict/wikdict-de-sv.zip			Mon, 04 Aug 2025 00:00:00 GMT		
deu	tur	wikdict-de-tr	https://download.wikdict.com/dictionaries/stardict/wikdict-de-tr.zip			Mon, 04 Aug 2025 00:00:00 GMT		
deu	zho	wikdict-de-zh	https://download.wikdict.com/dictionaries/stardict/wikdict-de-zh.zip			Mon, 04 Aug 2025 00:00:00 GMT		
ell	bul	wikdict-el-bg	https://download.wikdict.com/dictionaries/stardict/wikdict-el-bg.zip			Mon, 04 Aug 2025 00:00:00 GMT		
ell	cat	wikdict-el-ca	https://download.wikdict.com/dictionaries/stardict/wikdict-el-ca.zip			Mon, 04 Aug 2025 00:00:00 GMT		
ell	dan	wikdict-el-da	https://download.wikdict.com/dictionaries/stardict/wikdict-el-da.zip			Mon, 04 Aug 2025 00:00:00 GMT		
ell	deu	wikdict-el-de	https://download.wikdict.com/dictionaries/stardict/wikdict-el-de.zip			Mon, 04 Aug 2025 00:00:00 GMT		
ell	eng	wikdict-el-en	https://download.wikdict.com/dictionaries/stardict/wikdict-el-en.zip			Mon, 04 Aug 2025 00:00:00 GMT		
ell	spa	wikdict-el-es	https://download.wikdict.com/dictionaries/stardict/wikdict-el-es.zip			Mon, 04 Aug 2025 00:00:00 GMT		
ell	fin	wikdict-el-fi	https://download.wikdict.com/dictionaries/stardict/wikdict-el-fi.zip			Mon, 04 Aug 2025 00:00:00 GMT		
ell	fra	wikdict-el-fr	https://download.wikdict.com/dictionaries/stardict/wikdict-el-fr.zip			Mon, 04 Aug 2025 00:00:00 GMT		
ell	gle	wikdict-el-ga	https://download.wikdict.com/dictionaries/stardict/wikdict-el-ga.zip			Mon, 04 Aug 2025 00:00:00 GMT		
ell	ind	wikdict-el-id	https://download.wikdict.com/dictionaries/stardict/wikdict-el-id.zip			Mon, 04 Aug 2025 00:00:00 GMT		
ell	ita	wikdict-el-it	https://download.wikdict.com/dictionaries/stardict/wikdict-el-it.zip			Mon, 04 Aug 2025 00:00:00 GMT		
ell	jpn	wikdict-el-ja	https://download.wikdict.com/dictionaries/stardict/wikdict-el-ja.zip			Mon, 04 Aug 2025 00:00:00 GMT		
ell	lat	wikdict-el-la	https://download.wikdict.com/dictionaries/stardict/wikdict-el-la.zip			Mon, 04 Aug 2025 00:00:00 GMT		
ell	lit	wikdict-el-lt	https://download.wikdict.com/dictionaries/stardict/wikdict-el-lt.zip			Mon, 04 Aug 2025 00:00:00 GMT		
ell	nld	wikdict-el-nl	https://download.wikdict.com/dictionaries/stardict/wikdict-el-nl.zip			Mon, 04 Aug 2025 00:00:00 GMT		
ell	nor	wikdict-el-no	https://download.wikdict.com/dictionaries/stardict/wikdict-el-no.zip			Mon, 04 Aug 2025 00:00:00 GMT		
ell	pol	wikdict-el-pl	https://download.wikdict.com/dictionaries/stardict/wikdict-el-pl.zip			Mon, 04 Aug 2025 00:00:00 GMT		
ell	por	wikdict-el-pt	https://download.wikdict.com/dictionaries/stardict/wikdict-el-pt.zip			Mon, 04 Aug 2025 00:00:00 GMT		
ell	rus	wikdict-el-ru	https://download.wikdict.com/dictionaries/stardict/wikdict-el-ru.zip			Mon, 04 Aug 2025 00:00:00 GMT		
ell	swe	wikdict-el-sv	https://download.wikdict.com/dictionaries/stardict/wikdict-el-sv.zip			Mon, 04 Aug 2025 00:00:00 GMT		
ell	tur	wikdict-el-tr	https://download.wikdict.com/dictionaries/stardict/wikdict-el-tr.zip			Mon, 04 Aug 2025 00:00:00 GMT		
ell	zho	wikdict-el-zh	https://download.wikdict.com/dictionaries/stardict/wikdict-el-zh.zip			Mon, 04 Aug 2025 00:00:00 GMT		
eng	bul	wikdict-en-bg	https://download.wikdict.com/dictionaries/stardict/wikdict-en-bg.zip			Mon, 04 Aug 2025 00:00:00 GMT		
eng	cat	wikdict-en-ca	https://download.wikdict.com/dictionaries/stardict/wikdict-en-ca.zip			Mon, 04 Aug 2025 00:00:00 GMT		
eng	dan	wikdict-en-da	https://download.wikdict.com/dictionaries/stardict/wikdict-en-da.zip			Mon, 04 Aug 2025 00:00:00 GMT		
eng	deu	wikdict-en-de	https://download.wikdict.com/dictionaries/stardict/wikdict-en-de.zip			Mon, 04 Aug 2025 00:00:00 GMT		
eng	ell	wikdict-en-el	https://download.wikdict.com/dictionaries/stardict/wikdict-en-el.zip			Mon, 04 Aug 2025 00:00:00 GMT		
eng	spa	wikdict-en-es	https://download.wikdict.com/dictionaries/stardict/wikdict-en-es.zip			Mon, 04 Aug 2025 00:00:00 GMT		
eng	fin	wikdict-en-fi	https://download.wikdict.com/dictionaries/stardict/wikdict-en-fi.zip			Mon, 04 Aug 2025 00:00:00 GMT		
eng	fra	wikdict-en-fr	https://download.wikdict.com/dictionaries/stardict/wikdict-en-fr.zip			Mon, 04 Aug 2025 00:00:00 GMT		
eng	gle	wikdict-en-ga	https://download.wikdict.com/dictionaries/stardict/wikdict-en-ga.zip			Mon, 04 Aug 2025 00:00:00 GMT		
eng	ind	wikdict-en-id	https://download.wikdict.com/dictionaries/stardict/wikdict-en-id.zip			Mon, 04 Aug 2025 00:00:00 GMT		
eng	ita	wikdict-en-it	https://download.wikdict.com/dictionaries/stardict/wikdict-en-it.zip			Mon, 04 Aug 2025 00:00:00 GMT		
eng	jpn	wikdict-en-ja	https://download.wikdict.com/dictionaries/stardict/wikdict-en-ja.zip			Mon, 04 Aug 2025 00:00:00 GMT		
eng	kur	wikdict-en-ku	https://download.wikdict.com/dictionaries/stardict/wikdict-en-ku.zip			Mon, 04 Aug 2025 00:00:00 GMT		
eng	lat	wikdict-en-la	https://download.wikdict.com/dictionaries/stardict/wikdict-en-la.zip			Mon, 04 Aug 2025 00:00:00 GMT		
eng	lit	wikdict-en-lt	https://download.wikdict.com/dictionaries/stardict/wikdict-en-lt.zip			Mon, 04 Aug 2025 00:00:00 GMT		
eng	nld	wikdict-en-nl	https://download.wikdict.com/dictionaries/stardict/wikdict-en-nl.zip			Mon, 04 Aug 2025 00:00:00 GMT		
eng	nor	wikdict-en-no	https://download.wikdict.com/dictionaries/stardict/wikdict-en-no.zip			Mon, 04 Aug 2025 00:00:00 GMT		
eng	pol	wikdict-en-pl	https://download.wikdict.com/dictionaries/stardict/wikdict-en-pl.zip			Mon, 04 Aug 2025 00:00:00 GMT		
eng	por	wikdict-en-pt	https://download.wikdict.com/dictionaries/stardict/wikdict-en-pt.zip			Mon, 04 Aug 2025 00:00:00 GMT		
eng	rus	wikdict-en-ru	https://download.wikdict.com/dictionaries/stardict/wikdict-en-ru.zip			Mon, 04 Aug 2025 00:00:00 GMT		
eng	swe	wikdict-en-sv	https://download.wikdict.com/dictionaries/stardict/wikdict-en-sv.zip			Mon, 04 Aug 2025 00:00:00 GMT		
eng	tur	wikdict-en-tr	https://download.wikdict.com/dictionaries/stardict/wikdict-en-tr.zip			Mon, 04 Aug 2025 00:00:00 GMT		
eng	zho	wikdict-en-zh	https://download.wikdict.com/dictionaries/stardict/wikdict-en-zh.zip			Mon, 04 Aug 2025 00:00:00 GMT		
spa	bul	wikdict-es-bg	https://download.wikdict.com/dictionaries/stardict/wikdict-es-bg.zip			Mon, 04 Aug 2025 00:00:00 GMT		
spa	cat	wikdict-es-ca	https://download.wikdict.com/dictionaries/stardict/wikdict-es-ca.zip			Mon, 04 Aug 2025 00:00:00 GMT		
spa	dan	wikdict-es-da	https://download.wikdict.com/dictionaries/stardict/wikdict-es-da.zip			Mon, 04 Aug 2025 00:00:00 GMT		
spa	deu	wikdict-es-de	https://download.wikdict.com/dictionaries/stardict/wikdict-es-de.zip			Mon, 04 Aug 2025 00:00:00 GMT		
spa	ell	wikdict-es-el	https://download.wikdict.com/dictionaries/stardict/wikdict-es-el.zip			Mon, 04 Aug 2025 00:00:00 GMT		
spa	eng	wikdict-es-en	https://download.wikdict.com/dictionaries/stardict/wikdict-es-en.zip			Mon, 04 Aug 2025 00:00:00 GMT		
spa	fin	wikdict-es-fi	https://download.wikdict.com/dictionaries/stardict/wikdict-es-fi.zip			Mon, 04 Aug 2025 00:00:00 GMT		
spa	fra	wikdict-es-fr	https://download.wikdict.com/dictionaries/stardict/wikdict-es-fr.zip			Mon, 04 Aug 2025 00:00:00 GMT		
spa	gle	wikdict-es-ga	https://download.wikdict.com/dictionaries/stardict/wikdict-es-ga.zip			Mon, 04 Aug 2025 00:00:00 GMT		
spa	ind	wikdict-es-id	https://download.wikdict.com/dictionaries/stardict/wikdict-es-id.zip			Mon, 04 Aug 2025 00:00:00 GMT		
spa	ita	wikdict-es-it	https://download.wikdict.com/dictionaries/stardict/wikdict-es-it.zip			Mon, 04 Aug 2025 00:00:00 GMT		
spa	jpn	wikdict-es-ja	https://download.wikdict.com/dictionaries/stardict/wikdict-es-ja.zip			Mon, 04 Aug 2025 00:00:00 GMT		
spa	lat	wikdict-es-la	https://download.wikdict.com/dictionaries/stardict/wikdict-es-la.zip			Mon, 04 Aug 2025 00:00:00 GMT		
spa	lit	wikdict-es-lt	https://download.wikdict.com/dictionaries/stardict/wikdict-es-lt.zip			Mon, 04 Aug 2025 00:00:00 GMT		
spa	nld	wikdict-es-nl	https://download.wikdict.com/dictionaries/stardict/wikdict-es-nl.zip			Mon, 04 Aug 2025 00:00:00 GMT		
spa	nor	wikdict-es-no	https://download.wikdict.com/dictionaries/stardict/wikdict-es-no.zip			Mon, 04 Aug 2025 00:00:00 GMT		
spa	pol	wikdict-es-pl	https://download.wikdict.com/dictionaries/stardict/wikdict-es-pl.zip			Mon, 04 Aug 2025 00:00:00 GMT		
spa	por	wikdict-es-pt	https://download.wikdict.com/dictionaries/stardict/wikdict-es-pt.zip			Mon, 04 Aug 2025 00:00:00 GMT		
spa	rus	wikdict-es-ru	https://download.wikdict.com/dictionaries/stardict/wikdict-es-ru.zip			Mon, 04 Aug 2025 00:00:00 GMT		
spa	swe	wikdict-es-sv	https://download.wikdict.com/dictionaries/stardict/wikdict-es-sv.zip			Mon, 04 Aug 2025 00:00:00 GMT		
spa	tur	wikdict-es-tr	https://download.wikdict.com/dictionaries/stardict/wikdict-es-tr.zip			Mon, 04 Aug 2025 00:00:00 GMT		
spa	zho	wikdict-es-zh	https://download.wikdict.com/dictionaries/stardict/wikdict-es-zh.zip			Mon, 04 Aug 2025 00:00:00 GMT		
fin	bul	wikdict-fi-bg	https://download.wikdict.com/dictionaries/stardict/wikdict-fi-bg.zip			Mon, 04 Aug 2025 00:00:00 GMT		
fin	cat	wikdict-fi-ca	https://download.wikdict.com/dictionaries/stardict/wikdict-fi-ca.zip			Mon, 04 Aug 2025 00:00:00 GMT		
fin	dan	wikdict-fi-da	https://download.wikdict.com/dictionaries/stardict/wikdict-fi-da.zip			Mon, 04 Aug 2025 00:00:00 GMT		
fin	deu	wikdict-fi-de	https://download.wikdict.com/dictionaries/stardict/wikdict-fi-de.zip			Mon, 04 Aug 2025 00:00:00 GMT		
fin	ell	wikdict-fi-el	https://download.wikdict.com/dictionaries/stardict/wikdict-fi-el.zip			Mon, 04 Aug 2025 00:00:00 GMT		
fin	eng	wikdict-fi-en	https://download.wikdict.com/dictionaries/stardict/wikdict-fi-en.zip			Mon, 04 Aug 2025 00:00:00 GMT		
fin	spa	wikdict-fi-es	https://download.wikdict.com/dictionaries/stardict/wikdict-fi-es.zip			Mon, 04 Aug 2025 00:00:00 GMT		
fin	fra	wikdict-fi-fr	https://download.wikdict.com/dictionaries/stardict/wikdict-fi-fr.zip			Mon, 04 Aug 2025 00:00:00 GMT		
fin	gle	wikdict-fi-ga	https://download.wikdict.com/dictionaries/stardict/wikdict-fi-ga.zip			Mon, 04 Aug 2025 00:00:00 GMT		
fin	ind	wikdict-fi-id	https://download.wikdict.com/dictionaries/stardict/wikdict-fi-id.zip			Mon, 04 Aug 2025 00:00:00 GMT		
fin	ita	wikdict-fi-it	https://download.wikdict.com/dictionaries/stardict/wikdict-fi-it.zip			Mon, 04 Aug 2025 00:00:00 GMT		
fin	jpn	wikdict-fi-ja	https://download.wikdict.com/dictionaries/stardict/wikdict-fi-ja.zip			Mon, 04 Aug 2025 00:00:00 GMT		
fin	lat	wikdict-fi-la	https://download.wikdict.com/dictionaries/stardict/wikdict-fi-la.zip			Mon, 04 Aug 2025 00:00:00 GMT		
fin	lit	wikdict-fi-lt	https://download.wikdict.com/dictionaries/stardict/wikdict-fi-lt.zip			Mon, 04 Aug 2025 00:00:00 GMT		
fin	nld	wikdict-fi-nl	https://download.wikdict.com/dictionaries/stardict/wikdict-fi-nl.zip			Mon, 04 Aug 2025 00:00:00 GMT		
fin	nor	wikdict-fi-no	https://download.wikdict.com/dictionaries/stardict/wikdict-fi-no.zip			Mon, 04 Aug 2025 00:00:00 GMT		
fin	pol	wikdict-fi-pl	https://download.wikdict.com/dictionaries/stardict/wikdict-fi-pl.zip			Mon, 04 Aug 2025 00:00:00 GMT		
fin	por	wikdict-fi-pt	https://download.wikdict.com/dictionaries/stardict/wikdict-fi-pt.zip			Mon, 04 Aug 2025 00:00:00 GMT		
fin	rus	wikdict-fi-ru	https://download.wikdict.com/dictionaries/stardict/wikdict-fi-ru.zip			Mon, 04 Aug 2025 00:00:00 GMT		
fin	swe	wikdict-fi-sv	https://download.wikdict.com/dictionaries/stardict/wikdict-fi-sv.zip			Mon, 04 Aug 2025 00:00:00 GMT		
fin	tur	wikdict-fi-tr	https://download.wikdict.com/dictionaries/stardict/wikdict-fi-tr.zip			Mon, 04 Aug 2025 00:00:00 GMT		
fin	zho	wikdict-fi-zh	https://download.wikdict.com/dictionaries/stardict/wikdict-fi-zh.zip			Mon, 04 Aug 2025 00:00:00 GMT		
fra	bul	wikdict-fr-bg	https://download.wikdict.com/dictionaries/stardict/wikdict-fr-bg.zip			Mon, 04 Aug 2025 00:00:00 GMT		
fra	cat	wikdict-fr-ca	https://download.wikdict.com/dictionaries/stardict/wikdict-fr-ca.zip			Mon, 04 Aug 2025 00:00:00 GMT		
fra	dan	wikdict-fr-da	https://download.wikdict.com/dictionaries/stardict/wikdict-fr-da.zip			Mon, 04 Aug 2025 00:00:00 GMT		
fra	deu	wikdict-fr-de	https://download.wikdict.com/dictionaries/stardict/wikdict-fr-de.zip			Mon, 04 Aug 2025 00:00:00 GMT		
fra	ell	wikdict-fr-el	https://download.wikdict.com/dictionaries/stardict/wikdict-fr-el.zip			Mon, 04 Aug 2025 00:00:00 GMT		
fra	eng	wikdict-fr-en	https://download.wikdict.com/dictionaries/stardict/wikdict-fr-en.zip			Mon, 04 Aug 2025 00:00:00 GMT		
fra	spa	wikdict-fr-es	https://download.wikdict.com/dictionaries/stardict/wikdict-fr-es.zip			Mon, 04 Aug 2025 00:00:00 GMT		
fra	fin	wikdict-fr-fi	https://download.wikdict.com/dictionaries/stardict/wikdict-fr-fi.zip			Mon, 04 Aug 2025 00:00:00 GMT		
fra	gle	wikdict-fr-ga	https://download.wikdict.com/dictionaries/stardict/wikdict-fr-ga.zip			Mon, 04 Aug 2025 00:00:00 GMT		
fra	ind	wikdict-fr-id	https://download.wikdict.com/dictionaries/stardict/wikdict-fr-id.zip			Mon, 04 Aug 2025 00:00:00 GMT		
fra	ita	wikdict-fr-it	https://download.wikdict.com/dictionaries/stardict/wikdict-fr-it.zip			Mon, 04 Aug 2025 00:00:00 GMT		
fra	jpn	wikdict-fr-ja	https://download.wikdict.com/dictionaries/stardict/wikdict-fr-ja.zip			Mon, 04 Aug 2025 00:00:00 GMT		
fra	lat	wikdict-fr-la	https://download.wikdict.com/dictionaries/stardict/wikdict-fr-la.zip			Mon, 04 Aug 2025 00:00:00 GMT		
fra	lit	wikdict-fr-lt	https://download.wikdict.com/dictionaries/stardict/wikdict-fr-lt.zip			Mon, 04 Aug 2025 00:00:00 GMT		
fra	nld	wikdict-fr-nl	https://download.wikdict.com/dictionaries/stardict/wikdict-fr-nl.zip			Mon, 04 Aug 2025 00:00:00 GMT		
fra	nor	wikdict-fr-no	https://download.wikdict.com/dictionaries/stardict/wikdict-fr-no.zip			Mon, 04 Aug 2025 00:00:00 GMT		
fra	pol	wikdict-fr-pl	https://download.wikdict.com/dictionaries/stardict/wikdict-fr-pl.zip			Mon, 04 Aug 2025 00:00:00 GMT		
fra	por	wikdict-fr-pt	https://download.wikdict.com/dictionaries/stardict/wikdict-fr-pt.zip			Mon, 04 Aug 2025 00:00:00 GMT		
fra	rus	wikdict-fr-ru	https://download.wikdict.com/dictionaries/stardict/wikdict-fr-ru.zip			Mon, 04 Aug 2025 00:00:00 GMT		
fra	swe	wikdict-fr-sv	https://download.wikdict.com/dictionaries/stardict/wikdict-fr-sv.zip			Mon, 04 Aug 2025 00:00:00 GMT		
fra	tur	wikdict-fr-tr	https://download.wikdict.com/dictionaries/stardict/wikdict-fr-tr.zip			Mon, 04 Aug 2025 00:00:00 GMT		
fra	zho	wikdict-fr-zh	https://download.wikdict.com/dictionaries/stardict/wikdict-fr-zh.zip			Mon, 04 Aug 2025 00:00:00 GMT		
ita	bul	wikdict-it-bg	https://download.wikdict.com/dictionaries/stardict/wikdict-it-bg.zip			Mon, 04 Aug 2025 00:00:00 GMT		
ita	cat	wikdict-it-ca	https://download.wikdict.com/dictionaries/stardict/wikdict-it-ca.zip			Mon, 04 Aug 2025 00:00:00 GMT		
ita	dan	wikdict-it-da	https://download.wikdict.com/dictionaries/stardict/wikdict-it-da.zip			Mon, 04 Aug 2025 00:00:00 GMT		
ita	deu	wikdict-it-de	https://download.wikdict.com/dictionaries/stardict/wikdict-it-de.zip			Mon, 04 Aug 2025 00:00:00 GMT		
ita	ell	wikdict-it-el	https://download.wikdict.com/dictionaries/stardict/wikdict-it-el.zip			Mon, 04 Aug 2025 00:00:00 GMT		
ita	eng	wikdict-it-en	https://download.wikdict.com/dictionaries/stardict/wikdict-it-en.zip			Mon, 04 Aug 2025 00:00:00 GMT		
ita	spa	wikdict-it-es	https://download.wikdict.com/dictionaries/stardict/wikdict-it-es.zip			Mon, 04 Aug 2025 00:00:00 GMT		
ita	fin	wikdict-it-fi	https://download.wikdict.com/dictionaries/stardict/wikdict-it-fi.zip			Mon, 04 Aug 2025 00:00:00 GMT		
ita	fra	wikdict-it-fr	https://download.wikdict.com/dictionaries/stardict/wikdict-it-fr.zip			Mon, 04 Aug 2025 00:00:00 GMT		
ita	gle	wikdict-it-ga	https://download.wikdict.com/dictionaries/stardict/wikdict-it-ga.zip			Mon, 04 Aug 2025 00:00:00 GMT		
ita	ind	wikdict-it-id	https://download.wikdict.com/dictionaries/stardict/wikdict-it-id.zip			Mon, 04 Aug 2025 00:00:00 GMT		
ita	jpn	wikdict-it-ja	https://download.wikdict.com/dictionaries/stardict/wikdict-it-ja.zip			Mon, 04 Aug 2025 00:00:00 GMT		
ita	lat	wikdict-it-la	https://download.wikdict.com/dictionaries/stardict/wikdict-it-la.zip			Mon, 04 Aug 2025 00:00:00 GMT		
ita	lit	wikdict-it-lt	https://download.wikdict.com/dictionaries/stardict/wikdict-it-lt.zip			Mon, 04 Aug 2025 00:00:00 GMT		
ita	nld	wikdict-it-nl	https://download.wikdict.com/dictionaries/stardict/wikdict-it-nl.zip			Mon, 04 Aug 2025 00:00:00 GMT		
ita	nor	wikdict-it-no	https://download.wikdict.com/dictionaries/stardict/wikdict-it-no.zip			Mon, 04 Aug 2025 00:00:00 GMT		
ita	pol	wikdict-it-pl	https://download.wikdict.com/dictionaries/stardict/wikdict-it-pl.zip			Mon, 04 Aug 2025 00:00:00 GMT		
ita	por	wikdict-it-pt	https://download.wikdict.com/dictionaries/stardict/wikdict-it-pt.zip			Mon, 04 Aug 2025 00:00:00 GMT		
ita	rus	wikdict-it-ru	https://download.wikdict.com/dictionaries/stardict/wikdict-it-ru.zip			Mon, 04 Aug 2025 00:00:00 GMT		
ita	swe	wikdict-it-sv	https://download.wikdict.com/dictionaries/stardict/wikdict-it-sv.zip			Mon, 04 Aug 2025 00:00:00 GMT		
ita	tur	wikdict-it-tr	https://download.wikdict.com/dictionaries/stardict/wikdict-it-tr.zip			Mon, 04 Aug 2025 00:00:00 GMT		
jpn	bul	wikdict-ja-bg	https://download.wikdict.com/dictionaries/stardict/wikdict-ja-bg.zip			Mon, 04 Aug 2025 00:00:00 GMT		
jpn	cat	wikdict-ja-ca	https://download.wikdict.com/dictionaries/stardict/wikdict-ja-ca.zip			Thu, 23 Jan 2025 00:00:00 GMT		
jpn	dan	wikdict-ja-da	https://download.wikdict.com/dictionaries/stardict/wikdict-ja-da.zip			Mon, 04 Aug 2025 00:00:00 GMT		
jpn	deu	wikdict-ja-de	https://download.wikdict.com/dictionaries/stardict/wikdict-ja-de.zip			Mon, 04 Aug 2025 00:00:00 GMT		
jpn	ell	wikdict-ja-el	https://download.wikdict.com/dictionaries/stardict/wikdict-ja-el.zip			Thu, 23 Jan 2025 00:00:00 GMT		
jpn	eng	wikdict-ja-en	https://download.wikdict.com/dictionaries/stardict/wikdict-ja-en.zip			Mon, 04 Aug 2025 00:00:00 GMT		
jpn	spa	wikdict-ja-es	https://download.wikdict.com/dictionaries/stardict/wikdict-ja-es.zip			Mon, 04 Aug 2025 00:00:00 GMT		
jpn	fin	wikdict-ja-fi	https://download.wikdict.com/dictionaries/stardict/wikdict-ja-fi.zip			Mon, 04 Aug 2025 00:00:00 GMT		
jpn	fra	wikdict-ja-fr	https://download.wikdict.com/dictionaries/stardict/wikdict-ja-fr.zip			Mon, 04 Aug 2025 00:00:00 GMT		
jpn	gle	wikdict-ja-ga	https://download.wikdict.com/dictionaries/stardict/wikdict-ja-ga.zip			Mon, 04 Aug 2025 00:00:00 GMT		
jpn	ind	wikdict-ja-id	https://download.wikdict.com/dictionaries/stardict/wikdict-ja-id.zip			Mon, 04 Aug 2025 00:00:00 GMT		
jpn	ita	wikdict-ja-it	https://download.wikdict.com/dictionaries/stardict/wikdict-ja-it.zip			Mon, 04 Aug 2025 00:00:00 GMT		
jpn	lat	wikdict-ja-la	https://download.wikdict.com/dictionaries/stardict/wikdict-ja-la.zip			Mon, 04 Aug 2025 00:00:00 GMT		
jpn	nor	wikdict-ja-no	https://download.wikdict.com/dictionaries/stardict/wikdict-ja-no.zip			Thu, 23 Jan 2025 00:00:00 GMT		
jpn	pol	wikdict-ja-pl	https://download.wikdict.com/dictionaries/stardict/wikdict-ja-pl.zip			Mon, 04 Aug 2025 00:00:00 GMT		
jpn	por	wikdict-ja-pt	https://download.wikdict.com/dictionaries/stardict/wikdict-ja-pt.zip			Mon, 04 Aug 2025 00:00:00 GMT		
jpn	rus	wikdict-ja-ru	https://download.wikdict.com/dictionaries/stardict/wikdict-ja-ru.zip			Mon, 04 Aug 2025 00:00:00 GMT		
jpn	swe	wikdict-ja-sv	https://download.wikdict.com/dictionaries/stardict/wikdict-ja-sv.zip			Mon, 04 Aug 2025 00:00:00 GMT		
jpn	tur	wikdict-ja-tr	https://download.wikdict.com/dictionaries/stardict/wikdict-ja-tr.zip			Thu, 23 Jan 2025 00:00:00 GMT		
kur	bul	wikdict-ku-bg	https://download.wikdict.com/dictionaries/stardict/wikdict-ku-bg.zip			Thu, 23 Jan 2025 00:00:00 GMT		
kur	cat	wikdict-ku-ca	https://download.wikdict.com/dictionaries/stardict/wikdict-ku-ca.zip			Thu, 23 Jan 2025 00:00:00 GMT		
kur	deu	wikdict-ku-de	https://download.wikdict.com/dictionaries/stardict/wikdict-ku-de.zip			Mon, 04 Aug 2025 00:00:00 GMT		
kur	eng	wikdict-ku-en	https://download.wikdict.com/dictionaries/stardict/wikdict-ku-en.zip			Mon, 04 Aug 2025 00:00:00 GMT		
kur	spa	wikdict-ku-es	https://download.wikdict.com/dictionaries/stardict/wikdict-ku-es.zip			Mon, 04 Aug 2025 00:00:00 GMT		
kur	fin	wikdict-ku-fi	https://download.wikdict.com/dictionaries/stardict/wikdict-ku-fi.zip			Mon, 04 Aug 2025 00:00:00 GMT		
kur	fra	wikdict-ku-fr	https://download.wikdict.com/dictionaries/stardict/wikdict-ku-fr.zip			Mon, 04 Aug 2025 00:00:00 GMT		
kur	ita	wikdict-ku-it	https://download.wikdict.com/dictionaries/stardict/wikdict-ku-it.zip			Mon, 04 Aug 2025 00:00:00 GMT		
kur	nld	wikdict-ku-nl	https://download.wikdict.com/dictionaries/stardict/wikdict-ku-nl.zip			Mon, 04 Aug 2025 00:00:00 GMT		
kur	pol	wikdict-ku-pl	https://download.wikdict.com/dictionaries/stardict/wikdict-ku-pl.zip			Thu, 23 Jan 2025 00:00:00 GMT		
kur	por	wikdict-ku-pt	https://download.wikdict.com/dictionaries/stardict/wikdict-ku-pt.zip			Mon, 04 Aug 2025 00:00:00 GMT		
kur	rus	wikdict-ku-ru	https://download.wikdict.com/dictionaries/stardict/wikdict-ku-ru.zip			Mon, 04 Aug 2025 00:00:00 GMT		
kur	swe	wikdict-ku-sv	https://download.wikdict.com/dictionaries/stardict/wikdict-ku-sv.zip			Mon, 04 Aug 2025 00:00:00 GMT		
kur	tur	wikdict-ku-tr	https://download.wikdict.com/dictionaries/stardict/wikdict-ku-tr.zip			Mon, 04 Aug 2025 00:00:00 GMT		
kur	zho	wikdict-ku-zh	https://download.wikdict.com/dictionaries/stardict/wikdict-ku-zh.zip			Mon, 04 Aug 2025 00:00:00 GMT		
nld	bul	wikdict-nl-bg	https://download.wikdict.com/dictionaries/stardict/wikdict-nl-bg.zip			Mon, 04 Aug 2025 00:00:00 GMT		
nld	cat	wikdict-nl-ca	https://download.wikdict.com/dictionaries/stardict/wikdict-nl-ca.zip			Mon, 04 Aug 2025 00:00:00 GMT		
nld	dan	wikdict-nl-da	https://download.wikdict.com/dictionaries/stardict/wikdict-nl-da.zip			Mon, 04 Aug 2025 00:00:00 GMT		
nld	deu	wikdict-nl-de	https://download.wikdict.com/dictionaries/stardict/wikdict-nl-de.zip			Mon, 04 Aug 2025 00:00:00 GMT		
nld	ell	wikdict-nl-el	https://download.wikdict.com/dictionaries/stardict/wikdict-nl-el.zip			Mon, 04 Aug 2025 00:00:00 GMT		
nld	eng	wikdict-nl-en	https://download.wikdict.com/dictionaries/stardict/wikdict-nl-en.zip			Mon, 04 Aug 2025 00:00:00 GMT		
nld	spa	wikdict-nl-es	https://download.wikdict.com/dictionaries/stardict/wikdict-nl-es.zip			Mon, 04 Aug 2025 00:00:00 GMT		
nld	fin	wikdict-nl-fi	https://download.wikdict.com/dictionaries/stardict/wikdict-nl-fi.zip			Mon, 04 Aug 2025 00:00:00 GMT		
nld	fra	wikdict-nl-fr	https://download.wikdict.com/dictionaries/stardict/wikdict-nl-fr.zip			Mon, 04 Aug 2025 00:00:00 GMT		
nld	gle	wikdict-nl-ga	https://download.wikdict.com/dictionaries/stardict/wikdict-nl-ga.zip			Mon, 04 Aug 2025 00:00:00 GMT		
nld	ind	wikdict-nl-id	https://download.wikdict.com/dictionaries/stardict/wikdict-nl-id.zip			Mon, 04 Aug 2025 00:00:00 GMT		
nld	ita	wikdict-nl-it	https://download.wikdict.com/dictionaries/stardict/wikdict-nl-it.zip			Mon, 04 Aug 2025 00:00:00 GMT		
nld	jpn	wikdict-nl-ja	https://download.wikdict.com/dictionaries/stardict/wikdict-nl-ja.zip			Mon, 04 Aug 2025 00:00:00 GMT		
nld	lat	wikdict-nl-la	https://download.wikdict.com/dictionaries/stardict/wikdict-nl-la.zip			Mon, 04 Aug 2025 00:00:00 GMT		
nld	lit	wikdict-nl-lt	https://download.wikdict.com/dictionaries/stardict/wikdict-nl-lt.zip			Mon, 04 Aug 2025 00:00:00 GMT		
nld	nor	wikdict-nl-no	https://download.wikdict.com/dictionaries/stardict/wikdict-nl-no.zip			Mon, 04 Aug 2025 00:00:00 GMT		
nld	pol	wikdict-nl-pl	https://download.wikdict.com/dictionaries/stardict/wikdict-nl-pl.zip			Mon, 04 Aug 2025 00:00:00 GMT		
nld	por	wikdict-nl-pt	https://download.wikdict.com/dictionaries/stardict/wikdict-nl-pt.zip			Mon, 04 Aug 2025 00:00:00 GMT		
nld	rus	wikdict-nl-ru	https://download.wikdict.com/dictionaries/stardict/wikdict-nl-ru.zip			Mon, 04 Aug 2025 00:00:00 GMT		
nld	swe	wikdict-nl-sv	https://download.wikdict.com/dictionaries/stardict/wikdict-nl-sv.zip			Mon, 04 Aug 2025 00:00:00 GMT		
nld	tur	wikdict-nl-tr	https://download.wikdict.com/dictionaries/stardict/wikdict-nl-tr.zip			Mon, 04 Aug 2025 00:00:00 GMT		
nld	zho	wikdict-nl-zh	https://download.wikdict.com/dictionaries/stardict/wikdict-nl-zh.zip			Mon, 04 Aug 2025 00:00:00 GMT		
nor	bul	wikdict-no-bg	https://download.wikdict.com/dictionaries/stardict/wikdict-no-bg.zip			Mon, 04 Aug 2025 00:00:00 GMT		
nor	cat	wikdict-no-ca	https://download.wikdict.com/dictionaries/stardict/wikdict-no-ca.zip			Mon, 04 Aug 2025 00:00:00 GMT		
nor	dan	wikdict-no-da	https://download.wikdict.com/dictionaries/stardict/wikdict-no-da.zip			Mon, 04 Aug 2025 00:00:00 GMT		
nor	deu	wikdict-no-de	https://download.wikdict.com/dictionaries/stardict/wikdict-no-de.zip			Mon, 04 Aug 2025 00:00:00 GMT		
nor	ell	wikdict-no-el	https://download.wikdict.com/dictionaries/stardict/wikdict-no-el.zip			Mon, 04 Aug 2025 00:00:00 GMT		
nor	eng	wikdict-no-en	https://download.wikdict.com/dictionaries/stardict/wikdict-no-en.zip			Mon, 04 Aug 2025 00:00:00 GMT		
nor	fin	wikdict-no-fi	https://download.wikdict.com/dictionaries/stardict/wikdict-no-fi.zip			Mon, 04 Aug 2025 00:00:00 GMT		
nor	fra	wikdict-no-fr	https://download.wikdict.com/dictionaries/stardict/wikdict-no-fr.zip			Mon, 04 Aug 2025 00:00:00 GMT		
nor	gle	wikdict-no-ga	https://download.wikdict.com/dictionaries/stardict/wikdict-no-ga.zip			Mon, 04 Aug 2025 00:00:00 GMT		
nor	ind	wikdict-no-id	https://download.wikdict.com/dictionaries/stardict/wikdict-no-id.zip			Mon, 04 Aug 2025 00:00:00 GMT		
nor	ita	wikdict-no-it	https://download.wikdict.com/dictionaries/stardict/wikdict-no-it.zip			Mon, 04 Aug 2025 00:00:00 GMT		
nor	jpn	wikdict-no-ja	https://download.wikdict.com/dictionaries/stardict/wikdict-no-ja.zip			Mon, 04 Aug 2025 00:00:00 GMT		
nor	lat	wikdict-no-la	https://download.wikdict.com/dictionaries/stardict/wikdict-no-la.zip			Mon, 04 Aug 2025 00:00:00 GMT		
nor	nld	wikdict-no-nl	https://download.wikdict.com/dictionaries/stardict/wikdict-no-nl.zip			Mon, 04 Aug 2025 00:00:00 GMT		
nor	pol	wikdict-no-pl	https://download.wikdict.com/dictionaries/stardict/wikdict-no-pl.zip			Mon, 04 Aug 2025 00:00:00 GMT		
nor	por	wikdict-no-pt	https://download.wikdict.com/dictionaries/stardict/wikdict-no-pt.zip			Mon, 04 Aug 2025 00:00:00 GMT		
nor	rus	wikdict-no-ru	https://download.wikdict.com/dictionaries/stardict/wikdict-no-ru.zip			Mon, 04 Aug 2025 00:00:00 GMT		
nor	swe	wikdict-no-sv	https://download.wikdict.com/dictionaries/stardict/wikdict-no-sv.zip			Mon, 04 Aug 2025 00:00:00 GMT		
nor	tur	wikdict-no-tr	https://download.wikdict.com/dictionaries/stardict/wikdict-no-tr.zip			Mon, 04 Aug 2025 00:00:00 GMT		
pol	bul	wikdict-pl-bg	https://download.wikdict.com/dictionaries/stardict/wikdict-pl-bg.zip			Mon, 04 Aug 2025 00:00:00 GMT		
pol	cat	wikdict-pl-ca	https://download.wikdict.com/dictionaries/stardict/wikdict-pl-ca.zip			Mon, 04 Aug 2025 00:00:00 GMT		
pol	dan	wikdict-pl-da	https://download.wikdict.com/dictionaries/stardict/wikdict-pl-da.zip			Mon, 04 Aug 2025 00:00:00 GMT		
pol	deu	wikdict-pl-de	https://download.wikdict.com/dictionaries/stardict/wikdict-pl-de.zip			Mon, 04 Aug 2025 00:00:00 GMT		
pol	ell	wikdict-pl-el	https://download.wikdict.com/dictionaries/stardict/wikdict-pl-el.zip			Mon, 04 Aug 2025 00:00:00 GMT		
pol	eng	wikdict-pl-en	https://download.wikdict.com/dictionaries/stardict/wikdict-pl-en.zip			Mon, 04 Aug 2025 00:00:00 GMT		
pol	spa	wikdict-pl-es	https://download.wikdict.com/dictionaries/stardict/wikdict-pl-es.zip			Mon, 04 Aug 2025 00:00:00 GMT		
pol	fin	wikdict-pl-fi	https://download.wikdict.com/dictionaries/stardict/wikdict-pl-fi.zip			Mon, 04 Aug 2025 00:00:00 GMT		
pol	fra	wikdict-pl-fr	https://download.wikdict.com/dictionaries/stardict/wikdict-pl-fr.zip			Mon, 04 Aug 2025 00:00:00 GMT		
pol	gle	wikdict-pl-ga	https://download.wikdict.com/dictionaries/stardict/wikdict-pl-ga.zip			Mon, 04 Aug 2025 00:00:00 GMT		
pol	ind	wikdict-pl-id	https://download.wikdict.com/dictionaries/stardict/wikdict-pl-id.zip			Mon, 04 Aug 2025 00:00:00 GMT		
pol	ita	wikdict-pl-it	https://download.wikdict.com/dictionaries/stardict/wikdict-pl-it.zip			Mon, 04 Aug 2025 00:00:00 GMT		
pol	jpn	wikdict-pl-ja	https://download.wikdict.com/dictionaries/stardict/wikdict-pl-ja.zip			Mon, 04 Aug 2025 00:00:00 GMT		
pol	lat	wikdict-pl-la	https://download.wikdict.com/dictionaries/stardict/wikdict-pl-la.zip			Mon, 04 Aug 2025 00:00:00 GMT		
pol	lit	wikdict-pl-lt	https://download.wikdict.com/dictionaries/stardict/wikdict-pl-lt.zip			Mon, 04 Aug 2025 00:00:00 GMT		
pol	nld	wikdict-pl-nl	https://download.wikdict.com/dictionaries/stardict/wikdict-pl-nl.zip			Mon, 04 Aug 2025 00:00:00 GMT		
pol	nor	wikdict-pl-no	https://download.wikdict.com/dictionaries/stardict/wikdict-pl-no.zip			Mon, 04 Aug 2025 00:00:00 GMT		
pol	por	wikdict-pl-pt	https://download.wikdict.com/dictionaries/stardict/wikdict-pl-pt.zip			Mon, 04 Aug 2025 00:00:00 GMT		
pol	rus	wikdict-pl-ru	https://download.wikdict.com/dictionaries/stardict/wikdict-pl-ru.zip			Mon, 04 Aug 2025 00:00:00 GMT		
pol	swe	wikdict-pl-sv	https://download.wikdict.com/dictionaries/stardict/wikdict-pl-sv.zip			Mon, 04 Aug 2025 00:00:00 GMT		
pol	tur	wikdict-pl-tr	https://download.wikdict.com/dictionaries/stardict/wikdict-pl-tr.zip			Mon, 04 Aug 2025 00:00:00 GMT		
pol	zho	wikdict-pl-zh	https://download.wikdict.com/dictionaries/stardict/wikdict-pl-zh.zip			Mon, 04 Aug 2025 00:00:00 GMT		
por	bul	wikdict-pt-bg	https://download.wikdict.com/dictionaries/stardict/wikdict-pt-bg.zip			Mon, 04 Aug 2025 00:00:00 GMT		
por	cat	wikdict-pt-ca	https://download.wikdict.com/dictionaries/stardict/wikdict-pt-ca.zip			Mon, 04 Aug 2025 00:00:00 GMT		
por	dan	wikdict-pt-da	https://download.wikdict.com/dictionaries/stardict/wikdict-pt-da.zip			Mon, 04 Aug 2025 00:00:00 GMT		
por	deu	wikdict-pt-de	https://download.wikdict.com/dictionaries/stardict/wikdict-pt-de.zip			Mon, 04 Aug 2025 00:00:00 GMT		
por	ell	wikdict-pt-el	https://download.wikdict.com/dictionaries/stardict/wikdict-pt-el.zip			Mon, 04 Aug 2025 00:00:00 GMT		
por	eng	wikdict-pt-en	https://download.wikdict.com/dictionaries/stardict/wikdict-pt-en.zip			Mon, 04 Aug 2025 00:00:00 GMT		
por	spa	wikdict-pt-es	https://download.wikdict.com/dictionaries/stardict/wikdict-pt-es.zip			Mon, 04 Aug 2025 00:00:00 GMT		
por	fin	wikdict-pt-fi	https://download.wikdict.com/dictionaries/stardict/wikdict-pt-fi.zip			Mon, 04 Aug 2025 00:00:00 GMT		
por	fra	wikdict-pt-fr	https://download.wikdict.com/dictionaries/stardict/wikdict-pt-fr.zip			Mon, 04 Aug 2025 00:00:00 GMT		
por	gle	wikdict-pt-ga	https://download.wikdict.com/dictionaries/stardict/wikdict-pt-ga.zip			Mon, 04 Aug 2025 00:00:00 GMT		
por	ind	wikdict-pt-id	https://download.wikdict.com/dictionaries/stardict/wikdict-pt-id.zip			Mon, 04 Aug 2025 00:00:00 GMT		
por	ita	wikdict-pt-it	https://download.wikdict.com/dictionaries/stardict/wikdict-pt-it.zip			Mon, 04 Aug 2025 00:00:00 GMT		
por	jpn	wikdict-pt-ja	https://download.wikdict.com/dictionaries/stardict/wikdict-pt-ja.zip			Mon, 04 Aug 2025 00:00:00 GMT		
por	lat	wikdict-pt-la	https://download.wikdict.com/dictionaries/stardict/wikdict-pt-la.zip			Mon, 04 Aug 2025 00:00:00 GMT		
por	lit	wikdict-pt-lt	https://download.wikdict.com/dictionaries/stardict/wikdict-pt-lt.zip			Thu, 23 Jan 2025 00:00:00 GMT		
por	nld	wikdict-pt-nl	https://download.wikdict.com/dictionaries/stardict/wikdict-pt-nl.zip			Mon, 04 Aug 2025 00:00:00 GMT		
por	nor	wikdict-pt-no	https://download.wikdict.com/dictionaries/stardict/wikdict-pt-no.zip			Mon, 04 Aug 2025 00:00:00 GMT		
por	pol	wikdict-pt-pl	https://download.wikdict.com/dictionaries/stardict/wikdict-pt-pl.zip			Mon, 04 Aug 2025 00:00:00 GMT		
por	rus	wikdict-pt-ru	https://download.wikdict.com/dictionaries/stardict/wikdict-pt-ru.zip			Mon, 04 Aug 2025 00:00:00 GMT		
por	swe	wikdict-pt-sv	https://download.wikdict.com/dictionaries/stardict/wikdict-pt-sv.zip			Mon, 04 Aug 2025 00:00:00 GMT		
por	tur	wikdict-pt-tr	https://download.wikdict.com/dictionaries/stardict/wikdict-pt-tr.zip			Mon, 04 Aug 2025 00:00:00 GMT		
rus	bul	wikdict-ru-bg	https://download.wikdict.com/dictionaries/stardict/wikdict-ru-bg.zip			Mon, 04 Aug 2025 00:00:00 GMT		
rus	cat	wikdict-ru-ca	https://download.wikdict.com/dictionaries/stardict/wikdict-ru-ca.zip			Mon, 04 Aug 2025 00:00:00 GMT		
rus	dan	wikdict-ru-da	https://download.wikdict.com/dictionaries/stardict/wikdict-ru-da.zip			Mon, 04 Aug 2025 00:00:00 GMT		
rus	deu	wikdict-ru-de	https://download.wikdict.com/dictionaries/stardict/wikdict-ru-de.zip			Mon, 04 Aug 2025 00:00:00 GMT		
rus	ell	wikdict-ru-el	https://download.wikdict.com/dictionaries/stardict/wikdict-ru-el.zip			Mon, 04 Aug 2025 00:00:00 GMT		
rus	eng	wikdict-ru-en	https://download.wikdict.com/dictionaries/stardict/wikdict-ru-en.zip			Mon, 04 Aug 2025 00:00:00 GMT		
rus	spa	wikdict-ru-es	https://download.wikdict.com/dictionaries/stardict/wikdict-ru-es.zip			Mon, 04 Aug 2025 00:00:00 GMT		
rus	fin	wikdict-ru-fi	https://download.wikdict.com/dictionaries/stardict/wikdict-ru-fi.zip			Mon, 04 Aug 2025 00:00:00 GMT		
rus	fra	wikdict-ru-fr	https://download.wikdict.com/dictionaries/stardict/wikdict-ru-fr.zip			Mon, 04 Aug 2025 00:00:00 GMT		
rus	ind	wikdict-ru-id	https://download.wikdict.com/dictionaries/stardict/wikdict-ru-id.zip			Mon, 04 Aug 2025 00:00:00 GMT		
rus	ita	wikdict-ru-it	https://download.wikdict.com/dictionaries/stardict/wikdict-ru-it.zip			Mon, 04 Aug 2025 00:00:00 GMT		
rus	jpn	wikdict-ru-ja	https://download.wikdict.com/dictionaries/stardict/wikdict-ru-ja.zip			Mon, 04 Aug 2025 00:00:00 GMT		
rus	lat	wikdict-ru-la	https://download.wikdict.com/dictionaries/stardict/wikdict-ru-la.zip			Mon, 04 Aug 2025 00:00:00 GMT		
rus	lit	wikdict-ru-lt	https://download.wikdict.com/dictionaries/stardict/wikdict-ru-lt.zip			Mon, 04 Aug 2025 00:00:00 GMT		
rus	nld	wikdict-ru-nl	https://download.wikdict.com/dictionaries/stardict/wikdict-ru-nl.zip			Mon, 04 Aug 2025 00:00:00 GMT		
rus	nor	wikdict-ru-no	https://download.wikdict.com/dictionaries/stardict/wikdict-ru-no.zip			Mon, 04 Aug 2025 00:00:00 GMT		
rus	pol	wikdict-ru-pl	https://download.wikdict.com/dictionaries/stardict/wikdict-ru-pl.zip			Mon, 04 Aug 2025 00:00:00 GMT		
rus	por	wikdict-ru-pt	https://download.wikdict.com/dictionaries/stardict/wikdict-ru-pt.zip			Mon, 04 Aug 2025 00:00:00 GMT		
rus	swe	wikdict-ru-sv	https://download.wikdict.com/dictionaries/stardict/wikdict-ru-sv.zip			Mon, 04 Aug 2025 00:00:00 GMT		
rus	tur	wikdict-ru-tr	https://download.wikdict.com/dictionaries/stardict/wikdict-ru-tr.zip			Mon, 04 Aug 2025 00:00:00 GMT		
rus	zho	wikdict-ru-zh	https://download.wikdict.com/dictionaries/stardict/wikdict-ru-zh.zip			Mon, 04 Aug 2025 00:00:00 GMT		
swe	bul	wikdict-sv-bg	https://download.wikdict.com/dictionaries/stardict/wikdict-sv-bg.zip			Mon, 04 Aug 2025 00:00:00 GMT		
swe	cat	wikdict-sv-ca	https://download.wikdict.com/dictionaries/stardict/wikdict-sv-ca.zip			Mon, 04 Aug 2025 00:00:00 GMT		
swe	dan	wikdict-sv-da	https://download.wikdict.com/dictionaries/stardict/wikdict-sv-da.zip			Mon, 04 Aug 2025 00:00:00 GMT		
swe	deu	wikdict-sv-de	https://download.wikdict.com/dictionaries/stardict/wikdict-sv-de.zip			Mon, 04 Aug 2025 00:00:00 GMT		
swe	ell	wikdict-sv-el	https://download.wikdict.com/dictionaries/stardict/wikdict-sv-el.zip			Mon, 04 Aug 2025 00:00:00 GMT		
swe	eng	wikdict-sv-en	https://download.wikdict.com/dictionaries/stardict/wikdict-sv-en.zip			Mon, 04 Aug 2025 00:00:00 GMT		
swe	spa	wikdict-sv-es	https://download.wikdict.com/dictionaries/stardict/wikdict-sv-es.zip			Mon, 04 Aug 2025 00:00:00 GMT		
swe	fin	wikdict-sv-fi	https://download.wikdict.com/dictionaries/stardict/wikdict-sv-fi.zip			Mon, 04 Aug 2025 00:00:00 GMT		
swe	fra	wikdict-sv-fr	https://download.wikdict.com/dictionaries/stardict/wikdict-sv-fr.zip			Mon, 04 Aug 2025 00:00:00 GMT		
swe	gle	wikdict-sv-ga	https://download.wikdict.com/dictionaries/stardict/wikdict-sv-ga.zip			Mon, 04 Aug 2025 00:00:00 GMT		
swe	ind	wikdict-sv-id	https://download.wikdict.com/dictionaries/stardict/wikdict-sv-id.zip			Mon, 04 Aug 2025 00:00:00 GMT		
swe	ita	wikdict-sv-it	https://download.wikdict.com/dictionaries/stardict/wikdict-sv-it.zip			Mon, 04 Aug 2025 00:00:00 GMT		
swe	jpn	wikdict-sv-ja	https://download.wikdict.com/dictionaries/stardict/wikdict-sv-ja.zip			Mon, 04 Aug 2025 00:00:00 GMT		
swe	lat	wikdict-sv-la	https://download.wikdict.com/dictionaries/stardict/wikdict-sv-la.zip			Mon, 04 Aug 2025 00:00:00 GMT		
swe	lit	wikdict-sv-lt	https://download.wikdict.com/dictionaries/stardict/wikdict-sv-lt.zip			Mon, 04 Aug 2025 00:00:00 GMT		
swe	nld	wikdict-sv-nl	https://download.wikdict.com/dictionaries/stardict/wikdict-sv-nl.zip			Mon, 04 Aug 2025 00:00:00 GMT		
swe	nor	wikdict-sv-no	https://download.wikdict.com/dictionaries/stardict/wikdict-sv-no.zip			Mon, 04 Aug 2025 00:00:00 GMT		
swe	pol	wikdict-sv-pl	https://download.wikdict.com/dictionaries/stardict/wikdict-sv-pl.zip			Mon, 04 Aug 2025 00:00:00 GMT		
swe	por	wikdict-sv-pt	https://download.wikdict.com/dictionaries/stardict/wikdict-sv-pt.zip			Mon, 04 Aug 2025 00:00:00 GMT		
swe	rus	wikdict-sv-ru	https://download.wikdict.com/dictionaries/stardict/wikdict-sv-ru.zip			Mon, 04 Aug 2025 00:00:00 GMT		
swe	tur	wikdict-sv-tr	https://download.wikdict.com/dictionaries/stardict/wikdict-sv-tr.zip			Mon, 04 Aug 2025 00:00:00 GMT		
swe	zho	wikdict-sv-zh	https://download.wikdict.com/dictionaries/stardict/wikdict-sv-zh.zip			Mon, 04 Aug 2025 00:00:00 GMT		
tur	bul	wikdict-tr-bg	https://download.wikdict.com/dictionaries/stardict/wikdict-tr-bg.zip			Mon, 04 Aug 2025 00:00:00 GMT		
tur	cat	wikdict-tr-ca	https://download.wikdict.com/dictionaries/stardict/wikdict-tr-ca.zip			Mon, 04 Aug 2025 00:00:00 GMT		
tur	dan	wikdict-tr-da	https://download.wikdict.com/dictionaries/stardict/wikdict-tr-da.zip			Mon, 04 Aug 2025 00:00:00 GMT		
tur	deu	wikdict-tr-de	https://download.wikdict.com/dictionaries/stardict/wikdict-tr-de.zip			Mon, 04 Aug 2025 00:00:00 GMT		
tur	ell	wikdict-tr-el	https://download.wikdict.com/dictionaries/stardict/wikdict-tr-el.zip			Mon, 04 Aug 2025 00:00:00 GMT		
tur	eng	wikdict-tr-en	https://download.wikdict.com/dictionaries/stardict/wikdict-tr-en.zip			Mon, 04 Aug 2025 00:00:00 GMT		
tur	spa	wikdict-tr-es	https://download.wikdict.com/dictionaries/stardict/wikdict-tr-es.zip			Mon, 04 Aug 2025 00:00:00 GMT		
tur	fin	wikdict-tr-fi	https://download.wikdict.com/dictionaries/stardict/wikdict-tr-fi.zip			Mon, 04 Aug 2025 00:00:00 GMT		
tur	fra	wikdict-tr-fr	https://download.wikdict.com/dictionaries/stardict/wikdict-tr-fr.zip			Mon, 04 Aug 2025 00:00:00 GMT		
tur	gle	wikdict-tr-ga	https://download.wikdict.com/dictionaries/stardict/wikdict-tr-ga.zip			Mon, 04 Aug 2025 00:00:00 GMT		
tur	ind	wikdict-tr-id	https://download.wikdict.com/dictionaries/stardict/wikdict-tr-id.zip			Mon, 04 Aug 2025 00:00:00 GMT		
tur	ita	wikdict-tr-it	https://download.wikdict.com/dictionaries/stardict/wikdict-tr-it.zip			Mon, 04 Aug 2025 00:00:00 GMT		
tur	jpn	wikdict-tr-ja	https://download.wikdict.com/dictionaries/stardict/wikdict-tr-ja.zip			Mon, 04 Aug 2025 00:00:00 GMT		
tur	kur	wikdict-tr-ku	https://download.wikdict.com/dictionaries/stardict/wikdict-tr-ku.zip			Mon, 04 Aug 2025 00:00:00 GMT		
tur	lat	wikdict-tr-la	https://download.wikdict.com/dictionaries/stardict/wikdict-tr-la.zip			Mon, 04 Aug 2025 00:00:00 GMT		
tur	lit	wikdict-tr-lt	https://download.wikdict.com/dictionaries/stardict/wikdict-tr-lt.zip			Mon, 04 Aug 2025 00:00:00 GMT		
tur	nld	wikdict-tr-nl	https://download.wikdict.com/dictionaries/stardict/wikdict-tr-nl.zip			Mon, 04 Aug 2025 00:00:00 GMT		
tur	pol	wikdict-tr-pl	https://download.wikdict.com/dictionaries/stardict/wikdict-tr-pl.zip			Mon, 04 Aug 2025 00:00:00 GMT		
tur	por	wikdict-tr-pt	https://download.wikdict.com/dictionaries/stardict/wikdict-tr-pt.zip			Mon, 04 Aug 2025 00:00:00 GMT		
tur	rus	wikdict-tr-ru	https://download.wikdict.com/dictionaries/stardict/wikdict-tr-ru.zip			Mon, 04 Aug 2025 00:00:00 GMT		
tur	swe	wikdict-tr-sv	https://download.wikdict.com/dictionaries/stardict/wikdict-tr-sv.zip			Mon, 04 Aug 2025 00:00:00 GMT		
tur	zho	wikdict-tr-zh	https://download.wikdict.com/dictionaries/stardict/wikdict-tr-zh.zip			Mon, 04 Aug 2025 00:00:00 GMT		
zho	deu	wikdict-zh-de	https://download.wikdict.com/dictionaries/stardict/wikdict-zh-de.zip			Mon, 04 Aug 2025 00:00:00 GMT		
zho	eng	wikdict-zh-en	https://download.wikdict.com/dictionaries/stardict/wikdict-zh-en.zip			Mon, 04 Aug 2025 00:00:00 GMT		
zho	fra	wikdict-zh-fr	https://download.wikdict.com/dictionaries/stardict/wikdict-zh-fr.zip			Mon, 04 Aug 2025 00:00:00 GMT		
zho	ind	wikdict-zh-id	https://download.wikdict.com/dictionaries/stardict/wikdict-zh-id.zip			Thu, 23 Jan 2025 00:00:00 GMT		
zho	kur	wikdict-zh-ku	https://download.wikdict.com/dictionaries/stardict/wikdict-zh-ku.zip			Mon, 04 Aug 2025 00:00:00 GMT		
zho	lat	wikdict-zh-la	https://download.wikdict.com/dictionaries/stardict/wikdict-zh-la.zip			Mon, 04 Aug 2025 00:00:00 GMT		
zho	lit	wikdict-zh-lt	https://download.wikdict.com/dictionaries/stardict/wikdict-zh-lt.zip			Thu, 23 Jan 2025 00:00:00 GMT		
zho	mlg	wikdict-zh-mg	https://download.wikdict.com/dictionaries/stardict/wikdict-zh-mg.zip			Mon, 04 Aug 2025 00:00:00 GMT		
zho	nor	wikdict-zh-no	https://download.wikdict.com/dictionaries/stardict/wikdict-zh-no.zip			Mon, 04 Aug 2025 00:00:00 GMT		
zho	rus	wikdict-zh-ru	https://download.wikdict.com/dictionaries/stardict/wikdict-zh-ru.zip			Mon, 04 Aug 2025 00:00:00 GMT		
eng	eng	The Collaborative International Dictionary of English	https://stardict.uber.space/dict.org/stardict-dictd_www.dict.org_gcide-2.4.2.tar.bz2	174222				
eng	eng	WordNet	https://stardict.uber.space/dict.org/stardict-dictd_www.dict.org_wn-2.4.2.tar.bz2	149535				
eng	eng	Moby Thesaurus II	https://stardict.uber.space/dict.org/stardict-dictd-moby-thesaurus-2.4.2.tar.bz2	30259				
eng	eng	Webster's Revised Unabridged Dictionary (1913)	https://stardict.uber.space/dict.org/stardict-dictd-web1913-2.4.2.tar.bz2	160161				
eng	eng	Elements database	https://stardict.uber.space/dict.org/stardict-dictd_www.dict.org_elements-2.4.2.tar.bz2	127				
eng	eng	Virtual Entity of Relevant Acronyms	https://stardict.uber.space/dict.org/stardict-dictd-vera-2.4.2.tar.bz2	7117				
eng	eng	Jargon File	https://stardict.uber.space/dict.org/stardict-dictd-jargon-2.4.2.tar.bz2	2367				
eng	eng	Free On-Line Dictionary of Computing	https://stardict.uber.space/dict.org/stardict-dictd_www.dict.org_foldoc-2.4.2.tar.bz2	13452				
eng	eng	Easton's 1897 Bible Dictionary	https://stardict.uber.space/dict.org/stardict-dictd-easton-2.4.2.tar.bz2	3843				
eng	eng	Hitchcock's Bible Names Dictionary	https://stardict.uber.space/dict.org/stardict-dictd_www.dict.org_hitchcock-2.4.2.tar.bz2	2611				
eng	eng	Bouvier's Law Dictionary	https://stardict.uber.space/dict.org/stardict-dictd-bouvier-2.4.2.tar.bz2	6326				
eng	eng	THE DEVIL'S DICTIONARY	https://stardict.uber.space/dict.org/stardict-dictd_www.dict.org_devils-2.4.2.tar.bz2	986				
eng	eng	CIA World Factbook 2002	https://stardict.uber.space/dict.org/stardict-dictd-world02-2.4.2.tar.bz2	272				
eng	eng	The CIA World Factbook (1995)	https://stardict.uber.space/dict.org/stardict-dictd_www.dict.org_world95-2.4.2.tar.bz2	273				
eng	eng	U.S. Gazetteer (1990)	https://stardict.uber.space/dict.org/stardict-dictd_www.dict.org_gazetteer-2.4.2.tar.bz2	52991				
eng	eng	U.S. Gazetteer Counties	https://stardict.uber.space/dict.org/stardict-dictd-gazetteer2k-counties-2.4.2.tar.bz2	10223				
eng	eng	U.S. Gazetteer Places	https://stardict.uber.space/dict.org/stardict-dictd-gazetteer2k-places-2.4.2.tar.bz2	42620				
eng	eng	U.S. Gazetteer Zip Code Tabulation Areas	https://stardict.uber.space/dict.org/stardict-dictd-gazetteer2k-zips-2.4.2.tar.bz2	33246				
eng	eng	Longman Dictionary of Contemporary English	https://stardict.uber.space/dict.org/stardict-longman-2.4.2.tar.bz2	43052				
eng	eng	Oxford Advanced Learner's Dictionary	https://stardict.uber.space/dict.org/stardict-oald-2.4.2.tar.bz2	34153				
eng	eng	Collins Cobuild English Dictionary	https://stardict.uber.space/dict.org/stardict-cced-2.4.2.tar.bz2	34097				
eng	eng	Collins COBUILD Advanced Learner's Dictionary 2006	https://stardict.uber.space/dict.org/stardict-collins5-2.4.2.tar.bz2	34159				
eng	eng	Oxford Collocations Dictionary	https://stardict.uber.space/dict.org/stardict-OxfordCollocationsDictionary-2.4.2.tar.bz2	8378				
eng	eng	Merrian Webster 10th dictionary	https://stardict.uber.space/dict.org/stardict-merrianwebster-2.4.2.tar.bz2	20517				
eng	eng	The Britannica Concise Encyclopedia	https://stardict.uber.space/dict.org/stardict-BritannicaConcise-2.4.2.tar.bz2	24402				
eng	eng	English Thesaurus	https://stardict.uber.space/dict.org/stardict-thesaurus-ee-2.4.2.tar.bz2	20003				
eng	eng	CMU American English spelling	https://stardict.uber.space/dict.org/stardict-cmudict-2.4.2.tar.bz2	105626				
eng	eng	The CMU Pronouncing Dictionary	https://stardict.uber.space/dict.org/stardict-cmupd-2.4.2.tar.bz2	127012				
eng	eng	English irregular forms	https://stardict.uber.space/dict.org/stardict-eng_irregular-2.4.2.tar.bz2	4690				
eng	eng	English Etymology	https://stardict.uber.space/dict.org/stardict-EnglishEtymology-2.4.2.tar.bz2	18380				
eng	eng	Oxford English Collocation Dictionary	https://stardict.uber.space/dict.org/stardict-oxford_collocations-2.4.2.tar.bz2	8338				
eng	eng	eedic	https://stardict.uber.space/dict.org/stardict-eedic-2.4.2.tar.bz2	22776				
afr	deu	afr-deu freedict.de	https://stardict.uber.space/freedict.de/stardict-freedict-afr-deu-2.4.2.tar.bz2		2.4.2			
afr	eng	afr-eng freedict.de	https://stardict.uber.space/freedict.de/stardict-freedict-afr-eng-2.4.2.tar.bz2		2.4.2			
cro	eng	cro-eng freedict.de	https://stardict.uber.space/freedict.de/stardict-freedict-cro-eng-2.4.2.tar.bz2		2.4.2			
cze	eng	cze-eng freedict.de	https://stardict.uber.space/freedict.de/stardict-freedict-cze-eng-2.4.2.tar.bz2		2.4.2			
dan	eng	dan-eng freedict.de	https://stardict.uber.space/freedict.de/stardict-freedict-dan-eng-2.4.2.tar.bz2		2.4.2			
deu	eng	deu-eng freedict.de	https://stardict.uber.space/freedict.de/stardict-freedict-deu-eng-2.4.2.tar.bz2		2.4.2			
deu	fra	deu-fra freedict.de	https://stardict.uber.space/freedict.de/stardict-freedict-deu-fra-2.4.2.tar.bz2		2.4.2			
deu	ita	deu-ita freedict.de	https://stardict.uber.space/freedict.de/stardict-freedict-deu-ita-2.4.2.tar.bz2		2.4.2			
deu	nld	deu-nld freedict.de	https://stardict.uber.space/freedict.de/stardict-freedict-deu-nld-2.4.2.tar.bz2		2.4.2			
deu	por	deu-por freedict.de	https://stardict.uber.space/freedict.de/stardict-freedict-deu-por-2.4.2.tar.bz2		2.4.2			
eng	afr	eng-afr freedict.de	https://stardict.uber.space/freedict.de/stardict-freedict-eng-afr-2.4.2.tar.bz2		2.4.2			
eng	ara	eng-ara freedict.de	https://stardict.uber.space/freedict.de/stardict-freedict-eng-ara-2.4.2.tar.bz2		2.4.2			
eng	cro	eng-cro freedict.de	https://stardict.uber.space/freedict.de/stardict-freedict-eng-cro-2.4.2.tar.bz2		2.4.2			
eng	cze	eng-cze freedict.de	https://stardict.uber.space/freedict.de/stardict-freedict-eng-cze-2.4.2.tar.bz2		2.4.2			
eng	deu	eng-deu freedict.de	https://stardict.uber.space/freedict.de/stardict-freedict-eng-deu-2.4.2.tar.bz2		2.4.2			
eng	fra	eng-fra freedict.de	https://stardict.uber.space/freedict.de/stardict-freedict-eng-fra-2.4.2.tar.bz2		2.4.2			
eng	hin	eng-hin freedict.de	https://stardict.uber.space/freedict.de/stardict-freedict-eng-hin-2.4.2.tar.bz2		2.4.2			
eng	hun	eng-hun freedict.de	https://stardict.uber.space/freedict.de/stardict-freedict-eng-hun-2.4.2.tar.bz2		2.4.2			
eng	iri	eng-iri freedict.de	https://stardict.uber.space/freedict.de/stardict-freedict-eng-iri-2.4.2.tar.bz2		2.4.2			
eng	ita	eng-ita freedict.de	https://stardict.uber.space/freedict.de/stardict-freedict-eng-ita-2.4.2.tar.bz2		2.4.2			
eng	lat	eng-lat freedict.de	https://stardict.uber.space/freedict.de/stardict-freedict-eng-lat-2.4.2.tar.bz2		2.4.2			
eng	nld	eng-nld freedict.de	https://stardict.uber.space/freedict.de/stardict-freedict-eng-nld-2.4.2.tar.bz2		2.4.2			
eng	por	eng-por freedict.de	https://stardict.uber.space/freedict.de/stardict-freedict-eng-por-2.4.2.tar.bz2		2.4.2			
eng	rom	eng-rom freedict.de	https://stardict.uber.space/freedict.de/stardict-freedict-eng-rom-2.4.2.tar.bz2		2.4.2			
eng	rus	eng-rus freedict.de	https://stardict.uber.space/freedict.de/stardict-freedict-eng-rus-2.4.2.tar.bz2		2.4.2			
eng	spa	eng-spa freedict.de	https://stardict.uber.space/freedict.de/stardict-freedict-eng-spa-2.4.2.tar.bz2		2.4.2			
eng	swa	eng-swa freedict.de	https://stardict.uber.space/freedict.de/stardict-freedict-eng-swa-2.4.2.tar.bz2		2.4.2			
eng	swe	eng-swe freedict.de	https://stardict.uber.space/freedict.de/stardict-freedict-eng-swe-2.4.2.tar.bz2		2.4.2			
eng	tur	eng-tur freedict.de	https://stardict.uber.space/freedict.de/stardict-freedict-eng-tur-2.4.2.tar.bz2		2.4.2			
eng	wel	eng-wel freedict.de	https://stardict.uber.space/freedict.de/stardict-freedict-eng-wel-2.4.2.tar.bz2		2.4.2			
fra	deu	fra-deu freedict.de	https://stardict.uber.space/freedict.de/stardict-freedict-fra-deu-2.4.2.tar.bz2		2.4.2			
fra	eng	fra-eng freedict.de	https://stardict.uber.space/freedict.de/stardict-freedict-fra-eng-2.4.2.tar.bz2		2.4.2			
fra	nld	fra-nld freedict.de	https://stardict.uber.space/freedict.de/stardict-freedict-fra-nld-2.4.2.tar.bz2		2.4.2			
hun	eng	hun-eng freedict.de	https://stardict.uber.space/freedict.de/stardict-freedict-hun-eng-2.4.2.tar.bz2		2.4.2			
iri	eng	iri-eng freedict.de	https://stardict.uber.space/freedict.de/stardict-freedict-iri-eng-2.4.2.tar.bz2		2.4.2			
ita	deu	ita-deu freedict.de	https://stardict.uber.space/freedict.de/stardict-freedict-ita-deu-2.4.2.tar.bz2		2.4.2			
jpn	deu	jpn-deu freedict.de	https://stardict.uber.space/freedict.de/stardict-freedict-jpn-deu-2.4.2.tar.bz2		2.4.2			
kha	deu	kha-deu freedict.de	https://stardict.uber.space/freedict.de/stardict-freedict-kha-deu-2.4.2.tar.bz2		2.4.2			
lat	deu	lat-deu freedict.de	https://stardict.uber.space/freedict.de/stardict-freedict-lat-deu-2.4.2.tar.bz2		2.4.2			
lat	eng	lat-eng freedict.de	https://stardict.uber.space/freedict.de/stardict-freedict-lat-eng-2.4.2.tar.bz2		2.4.2			
nld	deu	nld-deu freedict.de	https://stardict.uber.space/freedict.de/stardict-freedict-nld-deu-2.4.2.tar.bz2		2.4.2			
nld	eng	nld-eng freedict.de	https://stardict.uber.space/freedict.de/stardict-freedict-nld-eng-2.4.2.tar.bz2		2.4.2			
nld	fra	nld-fra freedict.de	https://stardict.uber.space/freedict.de/stardict-freedict-nld-fra-2.4.2.tar.bz2		2.4.2			
por	deu	por-deu freedict.de	https://stardict.uber.space/freedict.de/stardict-freedict-por-deu-2.4.2.tar.bz2		2.4.2			
por	eng	por-eng freedict.de	https://stardict.uber.space/freedict.de/stardict-freedict-por-eng-2.4.2.tar.bz2		2.4.2			
sco	deu	sco-deu freedict.de	https://stardict.uber.space/freedict.de/stardict-freedict-sco-deu-2.4.2.tar.bz2		2.4.2			
scr	eng	scr-eng freedict.de	https://stardict.uber.space/freedict.de/stardict-freedict-scr-eng-2.4.2.tar.bz2		2.4.2			
slo	eng	slo-eng freedict.de	https://stardict.uber.space/freedict.de/stardict-freedict-slo-eng-2.4.2.tar.bz2		2.4.2			
spa	eng	spa-eng freedict.de	https://stardict.uber.space/freedict.de/stardict-freedict-spa-eng-2.4.2.tar.bz2		2.4.2			
swa	eng	swa-eng freedict.de	https://stardict.uber.space/freedict.de/stardict-freedict-swa-eng-2.4.2.tar.bz2		2.4.2			
swe	eng	swe-eng freedict.de	https://stardict.uber.space/freedict.de/stardict-freedict-swe-eng-2.4.2.tar.bz2		2.4.2			
tur	deu	tur-deu freedict.de	https://stardict.uber.space/freedict.de/stardict-freedict-tur-deu-2.4.2.tar.bz2		2.4.2			
tur	eng	tur-eng freedict.de	https://stardict.uber.space/freedict.de/stardict-freedict-tur-eng-2.4.2.tar.bz2		2.4.2			
afr	eng	quick_afr-eng	https://stardict.uber.space/Quick/stardict-quick_afr-eng-2.4.2.tar.bz2		2.4.2			
afr	swe	quick_afr-swe	https://stardict.uber.space/Quick/stardict-quick_afr-swe-2.4.2.tar.bz2		2.4.2			
bul	swe	quick_bul-swe	https://stardict.uber.space/Quick/stardict-quick_bul-swe-2.4.2.tar.bz2		2.4.2			
dan	deu	quick_dan-deu	https://stardict.uber.space/Quick/stardict-quick_dan-deu-2.4.2.tar.bz2		2.4.2			
dan	eng	quick_dan-eng	https://stardict.uber.space/Quick/stardict-quick_dan-eng-2.4.2.tar.bz2		2.4.2			
dan	fin	quick_dan-fin	https://stardict.uber.space/Quick/stardict-quick_dan-fin-2.4.2.tar.bz2		2.4.2			
dan	fra	quick_dan-fra	https://stardict.uber.space/Quick/stardict-quick_dan-fra-2.4.2.tar.bz2		2.4.2			
dan	hun	quick_dan-hun	https://stardict.uber.space/Quick/stardict-quick_dan-hun-2.4.2.tar.bz2		2.4.2			
dan	ind	quick_dan-ind	https://stardict.uber.space/Quick/stardict-quick_dan-ind-2.4.2.tar.bz2		2.4.2			
dan	ita	quick_dan-ita	https://stardict.uber.space/Quick/stardict-quick_dan-ita-2.4.2.tar.bz2		2.4.2			
dan	jpn	quick_dan-jpn	https://stardict.uber.space/Quick/stardict-quick_dan-jpn-2.4.2.tar.bz2		2.4.2			
dan	lat	quick_dan-lat	https://stardict.uber.space/Quick/stardict-quick_dan-lat-2.4.2.tar.bz2		2.4.2			
dan	nld	quick_dan-nld	https://stardict.uber.space/Quick/stardict-quick_dan-nld-2.4.2.tar.bz2		2.4.2			
dan	nor	quick_dan-nor	https://stardict.uber.space/Quick/stardict-quick_dan-nor-2.4.2.tar.bz2		2.4.2			
dan	por	quick_dan-por	https://stardict.uber.space/Quick/stardict-quick_dan-por-2.4.2.tar.bz2		2.4.2			
dan	rus	quick_dan-rus	https://stardict.uber.space/Quick/stardict-quick_dan-rus-2.4.2.tar.bz2		2.4.2			
dan	spa	quick_dan-spa	https://stardict.uber.space/Quick/stardict-quick_dan-spa-2.4.2.tar.bz2		2.4.2			
dan	swa	quick_dan-swa	https://stardict.uber.space/Quick/stardict-quick_dan-swa-2.4.2.tar.bz2		2.4.2			
dan	swe	quick_dan-swe	https://stardict.uber.space/Quick/stardict-quick_dan-swe-2.4.2.tar.bz2		2.4.2			
deu	dan	quick_deu-dan	https://stardict.uber.space/Quick/stardict-quick_deu-dan-2.4.2.tar.bz2		2.4.2			
deu	deu	quick_deu-deu	https://stardict.uber.space/Quick/stardict-quick_deu-deu-2.4.2.tar.bz2		2.4.2			
deu	eng	quick_deu-eng	https://stardict.uber.space/Quick/stardict-quick_deu-eng-2.4.2.tar.bz2		2.4.2			
deu	swe	quick_deu-swe	https://stardict.uber.space/Quick/stardict-quick_deu-swe-2.4.2.tar.bz2		2.4.2			
eng	afr	quick_eng-afr	https://stardict.uber.space/Quick/stardict-quick_eng-afr-2.4.2.tar.bz2		2.4.2			
eng	dan	quick_eng-dan	https://stardict.uber.space/Quick/stardict-quick_eng-dan-2.4.2.tar.bz2		2.4.2			
eng	deu	quick_eng-deu	https://stardict.uber.space/Quick/stardict-quick_eng-deu-2.4.2.tar.bz2		2.4.2			
eng	eng	quick_eng-eng	https://stardict.uber.space/Quick/stardict-quick_eng-eng-2.4.2.tar.bz2		2.4.2			
eng	fin	quick_eng-fin	https://stardict.uber.space/Quick/stardict-quick_eng-fin-2.4.2.tar.bz2		2.4.2			
eng	fra	quick_eng-fra	https://stardict.uber.space/Quick/stardict-quick_eng-fra-2.4.2.tar.bz2		2.4.2			
eng	gre	quick_eng-gre	https://stardict.uber.space/Quick/stardict-quick_eng-gre-2.4.2.tar.bz2		2.4.2			
eng	hun	quick_eng-hun	https://stardict.uber.space/Quick/stardict-quick_eng-hun-2.4.2.tar.bz2		2.4.2			
eng	ind	quick_eng-ind	https://stardict.uber.space/Quick/stardict-quick_eng-ind-2.4.2.tar.bz2		2.4.2			
eng	ita	quick_eng-ita	https://stardict.uber.space/Quick/stardict-quick_eng-ita-2.4.2.tar.bz2		2.4.2			
eng	jpn	quick_eng-jpn	https://stardict.uber.space/Quick/stardict-quick_eng-jpn-2.4.2.tar.bz2		2.4.2			
eng	lat	quick_eng-lat	https://stardict.uber.space/Quick/stardict-quick_eng-lat-2.4.2.tar.bz2		2.4.2			
eng	nld	quick_eng-nld	https://stardict.uber.space/Quick/stardict-quick_eng-nld-2.4.2.tar.bz2		2.4.2			
eng	nor	quick_eng-nor	https://stardict.uber.space/Quick/stardict-quick_eng-nor-2.4.2.tar.bz2		2.4.2			
eng	por	quick_eng-por	https://stardict.uber.space/Quick/stardict-quick_eng-por-2.4.2.tar.bz2		2.4.2			
eng	rus	quick_eng-rus	https://stardict.uber.space/Quick/stardict-quick_eng-rus-2.4.2.tar.bz2		2.4.2			
eng	spa	quick_eng-spa	https://stardict.uber.space/Quick/stardict-quick_eng-spa-2.4.2.tar.bz2		2.4.2			
eng	swa	quick_eng-swa	https://stardict.uber.space/Quick/stardict-quick_eng-swa-2.4.2.tar.bz2		2.4.2			
eng	swe	quick_eng-swe	https://stardict.uber.space/Quick/stardict-quick_eng-swe-2.4.2.tar.bz2		2.4.2			
esp	swe	quick_esp-swe	https://stardict.uber.space/Quick/stardict-quick_esp-swe-2.4.2.tar.bz2		2.4.2			
fin	dan	quick_fin-dan	https://stardict.uber.space/Quick/stardict-quick_fin-dan-2.4.2.tar.bz2		2.4.2			
fin	eng	quick_fin-eng	https://stardict.uber.space/Quick/stardict-quick_fin-eng-2.4.2.tar.bz2		2.4.2			
fin	swe	quick_fin-swe	https://stardict.uber.space/Quick/stardict-quick_fin-swe-2.4.2.tar.bz2		2.4.2			
fra	dan	quick_fra-dan	https://stardict.uber.space/Quick/stardict-quick_fra-dan-2.4.2.tar.bz2		2.4.2			
fra	eng	quick_fra-eng	https://stardict.uber.space/Quick/stardict-quick_fra-eng-2.4.2.tar.bz2		2.4.2			
fra	swe	quick_fra-swe	https://stardict.uber.space/Quick/stardict-quick_fra-swe-2.4.2.tar.bz2		2.4.2			
fry	swe	quick_fry-swe	https://stardict.uber.space/Quick/stardict-quick_fry-swe-2.4.2.tar.bz2		2.4.2			
gre	eng	quick_gre-eng	https://stardict.uber.space/Quick/stardict-quick_gre-eng-2.4.2.tar.bz2		2.4.2			
gre	swe	quick_gre-swe	https://stardict.uber.space/Quick/stardict-quick_gre-swe-2.4.2.tar.bz2		2.4.2			
hun	dan	quick_hun-dan	https://stardict.uber.space/Quick/stardict-quick_hun-dan-2.4.2.tar.bz2		2.4.2			
hun	eng	quick_hun-eng	https://stardict.uber.space/Quick/stardict-quick_hun-eng-2.4.2.tar.bz2		2.4.2			
hun	swe	quick_hun-swe	https://stardict.uber.space/Quick/stardict-quick_hun-swe-2.4.2.tar.bz2		2.4.2			
ind	dan	quick_ind-dan	https://stardict.uber.space/Quick/stardict-quick_ind-dan-2.4.2.tar.bz2		2.4.2			
ind	eng	quick_ind-eng	https://stardict.uber.space/Quick/stardict-quick_ind-eng-2.4.2.tar.bz2		2.4.2			
ind	swe	quick_ind-swe	https://stardict.uber.space/Quick/stardict-quick_ind-swe-2.4.2.tar.bz2		2.4.2			
isl	swe	quick_isl-swe	https://stardict.uber.space/Quick/stardict-quick_isl-swe-2.4.2.tar.bz2		2.4.2			
ita	dan	quick_ita-dan	https://stardict.uber.space/Quick/stardict-quick_ita-dan-2.4.2.tar.bz2		2.4.2			
ita	eng	quick_ita-eng	https://stardict.uber.space/Quick/stardict-quick_ita-eng-2.4.2.tar.bz2		2.4.2			
ita	swe	quick_ita-swe	https://stardict.uber.space/Quick/stardict-quick_ita-swe-2.4.2.tar.bz2		2.4.2			
jpn	dan	quick_jpn-dan	https://stardict.uber.space/Quick/stardict-quick_jpn-dan-2.4.2.tar.bz2		2.4.2			
jpn	eng	quick_jpn-eng	https://stardict.uber.space/Quick/stardict-quick_jpn-eng-2.4.2.tar.bz2		2.4.2			
jpn	swe	quick_jpn-swe	https://stardict.uber.space/Quick/stardict-quick_jpn-swe-2.4.2.tar.bz2		2.4.2			
lat	dan	quick_lat-dan	https://stardict.uber.space/Quick/stardict-quick_lat-dan-2.4.2.tar.bz2		2.4.2			
lat	eng	quick_lat-eng	https://stardict.uber.space/Quick/stardict-quick_lat-eng-2.4.2.tar.bz2		2.4.2			
lat	swe	quick_lat-swe	https://stardict.uber.space/Quick/stardict-quick_lat-swe-2.4.2.tar.bz2		2.4.2			
nld	dan	quick_nld-dan	https://stardict.uber.space/Quick/stardict-quick_nld-dan-2.4.2.tar.bz2		2.4.2			
nld	eng	quick_nld-eng	https://stardict.uber.space/Quick/stardict-quick_nld-eng-2.4.2.tar.bz2		2.4.2			
nld	swe	quick_nld-swe	https://stardict.uber.space/Quick/stardict-quick_nld-swe-2.4.2.tar.bz2		2.4.2			
nor	dan	quick_nor-dan	https://stardict.uber.space/Quick/stardict-quick_nor-dan-2.4.2.tar.bz2		2.4.2			
nor	eng	quick_nor-eng	https://stardict.uber.space/Quick/stardict-quick_nor-eng-2.4.2.tar.bz2		2.4.2			
nor	swe	quick_nor-swe	https://stardict.uber.space/Quick/stardict-quick_nor-swe-2.4.2.tar.bz2		2.4.2			
pol	swe	quick_pol-swe	https://stardict.uber.space/Quick/stardict-quick_pol-swe-2.4.2.tar.bz2		2.4.2			
por	dan	quick_por-dan	https://stardict.uber.space/Quick/stardict-quick_por-dan-2.4.2.tar.bz2		2.4.2			
por	eng	quick_por-eng	https://stardict.uber.space/Quick/stardict-quick_por-eng-2.4.2.tar.bz2		2.4.2			
por	swe	quick_por-swe	https://stardict.uber.space/Quick/stardict-quick_por-swe-2.4.2.tar.bz2		2.4.2			
rum	swe	quick_rum-swe	https://stardict.uber.space/Quick/stardict-quick_rum-swe-2.4.2.tar.bz2		2.4.2			
rus	dan	quick_rus-dan	https://stardict.uber.space/Quick/stardict-quick_rus-dan-2.4.2.tar.bz2		2.4.2			
rus	eng	quick_rus-eng	https://stardict.uber.space/Quick/stardict-quick_rus-eng-2.4.2.tar.bz2		2.4.2			
rus	swe	quick_rus-swe	https://stardict.uber.space/Quick/stardict-quick_rus-swe-2.4.2.tar.bz2		2.4.2			
slo	swe	quick_slo-swe	https://stardict.uber.space/Quick/stardict-quick_slo-swe-2.4.2.tar.bz2		2.4.2			
spa	dan	quick_spa-dan	https://stardict.uber.space/Quick/stardict-quick_spa-dan-2.4.2.tar.bz2		2.4.2			
spa	eng	quick_spa-eng	https://stardict.uber.space/Quick/stardict-quick_spa-eng-2.4.2.tar.bz2		2.4.2			
spa	swe	quick_spa-swe	https://stardict.uber.space/Quick/stardict-quick_spa-swe-2.4.2.tar.bz2		2.4.2			
swa	dan	quick_swa-dan	https://stardict.uber.space/Quick/stardict-quick_swa-dan-2.4.2.tar.bz2		2.4.2			
swa	eng	quick_swa-eng	https://stardict.uber.space/Quick/stardict-quick_swa-eng-2.4.2.tar.bz2		2.4.2			
swa	swe	quick_swa-swe	https://stardict.uber.space/Quick/stardict-quick_swa-swe-2.4.2.tar.bz2		2.4.2			
swe	afr	quick_swe-afr	https://stardict.uber.space/Quick/stardict-quick_swe-afr-2.4.2.tar.bz2		2.4.2			
swe	bul	quick_swe-bul	https://stardict.uber.space/Quick/stardict-quick_swe-bul-2.4.2.tar.bz2		2.4.2			
swe	dan	quick_swe-dan	https://stardict.uber.space/Quick/stardict-quick_swe-dan-2.4.2.tar.bz2		2.4.2			
swe	deu	quick_swe-deu	https://stardict.uber.space/Quick/stardict-quick_swe-deu-2.4.2.tar.bz2		2.4.2			
swe	eng	quick_swe-eng	https://stardict.uber.space/Quick/stardict-quick_swe-eng-2.4.2.tar.bz2		2.4.2			
swe	esp	quick_swe-esp	https://stardict.uber.space/Quick/stardict-quick_swe-esp-2.4.2.tar.bz2		2.4.2			
swe	fin	quick_swe-fin	https://stardict.uber.space/Quick/stardict-quick_swe-fin-2.4.2.tar.bz2		2.4.2			
swe	fra	quick_swe-fra	https://stardict.uber.space/Quick/stardict-quick_swe-fra-2.4.2.tar.bz2		2.4.2			
swe	fry	quick_swe-fry	https://stardict.uber.space/Quick/stardict-quick_swe-fry-2.4.2.tar.bz2		2.4.2			
swe	gre	quick_swe-gre	https://stardict.uber.space/Quick/stardict-quick_swe-gre-2.4.2.tar.bz2		2.4.2			
swe	hun	quick_swe-hun	https://stardict.uber.space/Quick/stardict-quick_swe-hun-2.4.2.tar.bz2		2.4.2			
swe	ind	quick_swe-ind	https://stardict.uber.space/Quick/stardict-quick_swe-ind-2.4.2.tar.bz2		2.4.2			
swe	isl	quick_swe-isl	https://stardict.uber.space/Quick/stardict-quick_swe-isl-2.4.2.tar.bz2		2.4.2			
swe	ita	quick_swe-ita	https://stardict.uber.space/Quick/stardict-quick_swe-ita-2.4.2.tar.bz2		2.4.2			
swe	jpn	quick_swe-jpn	https://stardict.uber.space/Quick/stardict-quick_swe-jpn-2.4.2.tar.bz2		2.4.2			
swe	lat	quick_swe-lat	https://stardict.uber.space/Quick/stardict-quick_swe-lat-2.4.2.tar.bz2		2.4.2			
swe	nld	quick_swe-nld	https://stardict.uber.space/Quick/stardict-quick_swe-nld-2.4.2.tar.bz2		2.4.2			
swe	nor	quick_swe-nor	https://stardict.uber.space/Quick/stardict-quick_swe-nor-2.4.2.tar.bz2		2.4.2			
swe	pol	quick_swe-pol	https://stardict.uber.space/Quick/stardict-quick_swe-pol-2.4.2.tar.bz2		2.4.2			
swe	por	quick_swe-por	https://stardict.uber.space/Quick/stardict-quick_swe-por-2.4.2.tar.bz2		2.4.2			
swe	rum	quick_swe-rum	https://stardict.uber.space/Quick/stardict-quick_swe-rum-2.4.2.tar.bz2		2.4.2			
swe	rus	quick_swe-rus	https://stardict.uber.space/Quick/stardict-quick_swe-rus-2.4.2.tar.bz2		2.4.2			
swe	slo	quick_swe-slo	https://stardict.uber.space/Quick/stardict-quick_swe-slo-2.4.2.tar.bz2		2.4.2			
swe	spa	quick_swe-spa	https://stardict.uber.space/Quick/stardict-quick_swe-spa-2.4.2.tar.bz2		2.4.2			
swe	swa	quick_swe-swa	https://stardict.uber.space/Quick/stardict-quick_swe-swa-2.4.2.tar.bz2		2.4.2			
swe	wel	quick_swe-wel	https://stardict.uber.space/Quick/stardict-quick_swe-wel-2.4.2.tar.bz2		2.4.2			
wel	swe	quick_wel-swe	https://stardict.uber.space/Quick/stardict-quick_wel-swe-2.4.2.tar.bz2		2.4.2			
eng	per	quick_eng-persian-e2010-05-26	https://stardict.uber.space/Quick/stardict-quick_eng-persian-e2010-05-26-2.4.2.tar.bz2		2.4.2			
per	eng	quick_persian-english_minimal	https://stardict.uber.space/Quick/stardict-quick_persian-english_minimal-2.4.2.tar.bz2		2.4.2			
eng	rus	LingvoUniversal (English-Russian)	https://stardict.uber.space/lingvo/stardict-ER-LingvoUniversal-2.4.2.tar.bz2	96720	2.4.2			
rus	eng	LingvoUniversal (Russian-English)	https://stardict.uber.space/lingvo/stardict-RE-LingvoUniversal-2.4.2.tar.bz2	84795	2.4.2			
deu	rus	LingvoUniversal (German-Russian)	https://stardict.uber.space/lingvo/stardict-GR-LingvoUniversal-2.4.2.tar.bz2	175656	2.4.2			
rus	deu	LingvoUniversal (Russian-German)	https://stardict.uber.space/lingvo/stardict-RG-LingvoUniversal-2.4.2.tar.bz2	35325	2.4.2			
fra	rus	LingvoUniversal (French-Russian)	https://stardict.uber.space/lingvo/stardict-FR-LingvoUniversal-2.4.2.tar.bz2	78502	2.4.2			
rus	fra	LingvoUniversal (Russian-French)	https://stardict.uber.space/lingvo/stardict-RF-LingvoUniversal-2.4.2.tar.bz2	50464	2.4.2			
fra	rus	Lingvo Business (Fr-Ru)	https://stardict.uber.space/lingvo/stardict-lingvo-FR-Business-2.4.2.tar.bz2	12101	2.4.2			
rus	fra	Lingvo Business (Ru-Fr)	https://stardict.uber.space/lingvo/stardict-lingvo-RF-Business-2.4.2.tar.bz2	13120	2.4.2			
fra	rus	Lingvo Chemistry (Fr-Ru)	https://stardict.uber.space/lingvo/stardict-lingvo-FR-Chemistry-2.4.2.tar.bz2	64612	2.4.2			
rus	fra	Lingvo Chemistry (Ru-Fr)	https://stardict.uber.space/lingvo/stardict-lingvo-RF-Chemistry-2.4.2.tar.bz2	51262	2.4.2			
fra	rus	Lingvo Essential (Fr-Ru)	https://stardict.uber.space/lingvo/stardict-lingvo-FR-Essential-2.4.2.tar.bz2	14102	2.4.2			
rus	fra	Lingvo Essential (Ru-Fr)	https://stardict.uber.space/lingvo/stardict-lingvo-RF-Essential-2.4.2.tar.bz2	14908	2.4.2			
fra	rus	Lingvo Idioms (Fr-Ru)	https://stardict.uber.space/lingvo/stardict-lingvo-FR-Idioms-2.4.2.tar.bz2	46205	2.4.2			
rus	fra	Lingvo PhraseBook (Ru-Fr)	https://stardict.uber.space/lingvo/stardict-lingvo-RF-PhraseBook-2.4.2.tar.bz2	566	2.4.2			
fra	rus	Lingvo Law (Fr-Ru)	https://stardict.uber.space/lingvo/stardict-lingvo-FR-Law-2.4.2.tar.bz2	27231	2.4.2			
rus	fra	Lingvo Law (Ru-Fr)	https://stardict.uber.space/lingvo/stardict-lingvo-RF-Law-2.4.2.tar.bz2	17258	2.4.2			
fra	rus	Lingvo Medical (Fr-Ru)	https://stardict.uber.space/lingvo/stardict-lingvo-FR-Medical-2.4.2.tar.bz2	53950	2.4.2			
rus	fra	Lingvo Medical (Ru-Fr)	https://stardict.uber.space/lingvo/stardict-lingvo-RF-Medical-2.4.2.tar.bz2	47874	2.4.2			
fra	rus	Lingvo OilAndGas (Fr-Ru)	https://stardict.uber.space/lingvo/stardict-lingvo-FR-OilAndGas-2.4.2.tar.bz2	24241	2.4.2			
rus	fra	Lingvo OilAndGas (Ru-Fr)	https://stardict.uber.space/lingvo/stardict-lingvo-RF-OilAndGas-2.4.2.tar.bz2	17306	2.4.2			
fra	rus	Lingvo Technical (Fr-Ru)	https://stardict.uber.space/lingvo/stardict-lingvo-FR-Technical-2.4.2.tar.bz2	69336	2.4.2			
rus	fra	Lingvo Technical (Ru-Fr)	https://stardict.uber.space/lingvo/stardict-lingvo-RF-Technical-2.4.2.tar.bz2	55261	2.4.2			
eng	rus	Lingvo Accounting (En-Ru)	https://stardict.uber.space/lingvo/stardict-lingvo-ER-Accounting-2.4.2.tar.bz2	5987	2.4.2			
eng	rus	Lingvo Americana (En-Ru)	https://stardict.uber.space/lingvo/stardict-lingvo-ER-Americana-2.4.2.tar.bz2	20967	2.4.2			
eng	rus	Lingvo Auto (En-Ru)	https://stardict.uber.space/lingvo/stardict-lingvo-ER-Auto-2.4.2.tar.bz2	14693	2.4.2			
rus	eng	Lingvo Auto (Ru-En)	https://stardict.uber.space/lingvo/stardict-lingvo-RE-Auto-2.4.2.tar.bz2		2.4.2			
eng	rus	Lingvo Biology (En-Ru)	https://stardict.uber.space/lingvo/stardict-lingvo-ER-Biology-2.4.2.tar.bz2	67284	2.4.2			
rus	eng	Lingvo Biology (Ru-En)	https://stardict.uber.space/lingvo/stardict-lingvo-RE-Biology-2.4.2.tar.bz2		2.4.2			
eng	rus	Lingvo Building (En-Ru)	https://stardict.uber.space/lingvo/stardict-lingvo-ER-Building-2.4.2.tar.bz2	49787	2.4.2			
rus	eng	Lingvo Building (Ru-En)	https://stardict.uber.space/lingvo/stardict-lingvo-RE-Building-2.4.2.tar.bz2		2.4.2			
eng	rus	Lingvo Computer (En-Ru)	https://stardict.uber.space/lingvo/stardict-lingvo-ER-Computer-2.4.2.tar.bz2	47180	2.4.2			
rus	eng	Lingvo Computer (Ru-En)	https://stardict.uber.space/lingvo/stardict-lingvo-RE-Computer-2.4.2.tar.bz2		2.4.2			
eng	rus	Lingvo Computers (En-Ru)	https://stardict.uber.space/lingvo/stardict-lingvo-ER-Computers-2.4.2.tar.bz2	13729	2.4.2			
rus	eng	Lingvo Computers (Ru-En)	https://stardict.uber.space/lingvo/stardict-lingvo-RE-Computers-2.4.2.tar.bz2		2.4.2			
eng	rus	Lingvo Economics (En-Ru)	https://stardict.uber.space/lingvo/stardict-lingvo-ER-Economics-2.4.2.tar.bz2	48824	2.4.2			
rus	eng	Lingvo Economics (Ru-En)	https://stardict.uber.space/lingvo/stardict-lingvo-RE-Economics-2.4.2.tar.bz2		2.4.2			
eng	rus	Lingvo Engineering (En-Ru)	https://stardict.uber.space/lingvo/stardict-lingvo-ER-Engineering-2.4.2.tar.bz2	73601	2.4.2			
rus	eng	Lingvo Engineering (Ru-En)	https://stardict.uber.space/lingvo/stardict-lingvo-RE-Engineering-2.4.2.tar.bz2	38864	2.4.2			
eng	rus	Lingvo Essential (En-Ru)	https://stardict.uber.space/lingvo/stardict-lingvo-ER-Essential-2.4.2.tar.bz2	38864	2.4.2			
rus	eng	Lingvo Essential (Ru-En)	https://stardict.uber.space/lingvo/stardict-lingvo-RE-Essential-2.4.2.tar.bz2		2.4.2			
eng	rus	Lingvo FinancialManagement (En-Ru)	https://stardict.uber.space/lingvo/stardict-lingvo-ER-FinancialManagement-2.4.2.tar.bz2	7460	2.4.2			
eng	rus	Lingvo FinancialMarkets (En-Ru)	https://stardict.uber.space/lingvo/stardict-lingvo-ER-FinancialMarkets-2.4.2.tar.bz2	11389	2.4.2			
eng	rus	Lingvo Grammar (En-Ru)	https://stardict.uber.space/lingvo/stardict-lingvo-ER-Grammar-2.4.2.tar.bz2	510	2.4.2			
eng	rus	Lingvo GreatBritain (En-Ru)	https://stardict.uber.space/lingvo/stardict-lingvo-ER-GreatBritain-2.4.2.tar.bz2	9537	2.4.2			
eng	rus	Lingvo Informal (En-Ru)	https://stardict.uber.space/lingvo/stardict-lingvo-ER-Informal-2.4.2.tar.bz2	15132	2.4.2			
eng	rus	Lingvo Law (En-Ru)	https://stardict.uber.space/lingvo/stardict-lingvo-ER-Law-2.4.2.tar.bz2		2.4.2			
rus	eng	Lingvo Law (Ru-En)	https://stardict.uber.space/lingvo/stardict-lingvo-RE-Law-2.4.2.tar.bz2		2.4.2			
eng	rus	Lingvo Management (En-Ru)	https://stardict.uber.space/lingvo/stardict-lingvo-ER-Management-2.4.2.tar.bz2	8961	2.4.2			
eng	rus	Lingvo Marketing (En-Ru)	https://stardict.uber.space/lingvo/stardict-lingvo-ER-Marketing-2.4.2.tar.bz2	11527	2.4.2			
eng	rus	Lingvo MechanicalEngineering (En-Ru)	https://stardict.uber.space/lingvo/stardict-lingvo-ER-MechanicalEngineering-2.4.2.tar.bz2	13515	2.4.2			
rus	eng	Lingvo MechanicalEngineering (Ru-En)	https://stardict.uber.space/lingvo/stardict-lingvo-RE-MechanicalEngineering-2.4.2.tar.bz2		2.4.2			
eng	rus	Lingvo Medical (En-Ru)	https://stardict.uber.space/lingvo/stardict-lingvo-ER-Medical-2.4.2.tar.bz2	55500	2.4.2			
rus	eng	Lingvo Medical (Ru-En)	https://stardict.uber.space/lingvo/stardict-lingvo-RE-Medical-2.4.2.tar.bz2		2.4.2			
eng	rus	Lingvo OilAndGas (En-Ru)	https://stardict.uber.space/lingvo/stardict-lingvo-ER-OilAndGas-2.4.2.tar.bz2	49683	2.4.2			
rus	eng	Lingvo OilAndGas (Ru-En)	https://stardict.uber.space/lingvo/stardict-lingvo-RE-OilAndGas-2.4.2.tar.bz2		2.4.2			
rus	eng	Lingvo PhraseBook (Ru-En)	https://stardict.uber.space/lingvo/stardict-lingvo-RE-PhraseBook-2.4.2.tar.bz2		2.4.2			
eng	rus	Lingvo Patents (En-Ru)	https://stardict.uber.space/lingvo/stardict-lingvo-ER-Patents-2.4.2.tar.bz2	11782	2.4.2			
rus	eng	Lingvo Patents (Ru-En)	https://stardict.uber.space/lingvo/stardict-lingvo-RE-Patents-2.4.2.tar.bz2		2.4.2			
eng	rus	Lingvo Physics (En-Ru)	https://stardict.uber.space/lingvo/stardict-lingvo-ER-Physics-2.4.2.tar.bz2	80661	2.4.2			
rus	eng	Lingvo Physics (Ru-En)	https://stardict.uber.space/lingvo/stardict-lingvo-RE-Physics-2.4.2.tar.bz2		2.4.2			
eng	rus	Lingvo Polytechnical (En-Ru)	https://stardict.uber.space/lingvo/stardict-lingvo-ER-Polytechnical-2.4.2.tar.bz2	176294	2.4.2			
rus	eng	Lingvo Polytechnical (Ru-En)	https://stardict.uber.space/lingvo/stardict-lingvo-RE-Polytechnical-2.4.2.tar.bz2	152595	2.4.2			
eng	rus	Lingvo Science (En-Ru)	https://stardict.uber.space/lingvo/stardict-lingvo-ER-Science-2.4.2.tar.bz2	152595	2.4.2			
rus	eng	Lingvo Science (Ru-En)	https://stardict.uber.space/lingvo/stardict-lingvo-RE-Science-2.4.2.tar.bz2		2.4.2			
eng	rus	Lingvo Telecoms (En-Ru)	https://stardict.uber.space/lingvo/stardict-lingvo-ER-Telecoms-2.4.2.tar.bz2	32995	2.4.2			
rus	eng	Lingvo Telecoms (Ru-En)	https://stardict.uber.space/lingvo/stardict-lingvo-RE-Telecoms-2.4.2.tar.bz2		2.4.2			
eng	rus	Lingvo Wine (En-Ru)	https://stardict.uber.space/lingvo/stardict-lingvo-ER-Wine-2.4.2.tar.bz2	954	2.4.2			
deu	rus	Lingvo Active (Ge-Ru)	https://stardict.uber.space/lingvo/stardict-lingvo-GR-Active-2.4.2.tar.bz2		2.4.2			
deu	rus	Lingvo Austria (Ge-Ru)	https://stardict.uber.space/lingvo/stardict-lingvo-GR-Austria-2.4.2.tar.bz2		2.4.2			
deu	rus	Lingvo AutoService (Ge-Ru)	https://stardict.uber.space/lingvo/stardict-lingvo-GR-AutoService-2.4.2.tar.bz2		2.4.2			
rus	deu	Lingvo AutoService (Ru-Ge)	https://stardict.uber.space/lingvo/stardict-lingvo-RG-AutoService-2.4.2.tar.bz2		2.4.2			
deu	rus	Lingvo Auto (Ge-Ru)	https://stardict.uber.space/lingvo/stardict-lingvo-GR-Auto-2.4.2.tar.bz2		2.4.2			
rus	deu	Lingvo Auto (Ru-Ge)	https://stardict.uber.space/lingvo/stardict-lingvo-RG-Auto-2.4.2.tar.bz2		2.4.2			
deu	rus	Lingvo Banks (Ge-Ru)	https://stardict.uber.space/lingvo/stardict-lingvo-GR-Banks-2.4.2.tar.bz2		2.4.2			
rus	deu	Lingvo Banks (Ru-Ge)	https://stardict.uber.space/lingvo/stardict-lingvo-RG-Banks-2.4.2.tar.bz2		2.4.2			
deu	rus	Lingvo Chemistry (Ge-Ru)	https://stardict.uber.space/lingvo/stardict-lingvo-GR-Chemistry-2.4.2.tar.bz2		2.4.2			
rus	deu	Lingvo Chemistry (Ru-Ge)	https://stardict.uber.space/lingvo/stardict-lingvo-RG-Chemistry-2.4.2.tar.bz2		2.4.2			
deu	rus	Lingvo Economics (Ge-Ru)	https://stardict.uber.space/lingvo/stardict-lingvo-GR-Economics-2.4.2.tar.bz2		2.4.2			
rus	deu	Lingvo Economics (Ru-Ge)	https://stardict.uber.space/lingvo/stardict-lingvo-RG-Economics-2.4.2.tar.bz2		2.4.2			
deu	rus	Lingvo Essential (Ge-Ru)	https://stardict.uber.space/lingvo/stardict-lingvo-GR-Essential-2.4.2.tar.bz2		2.4.2			
rus	deu	Lingvo Essential (Ru-Ge)	https://stardict.uber.space/lingvo/stardict-lingvo-RG-Essential-2.4.2.tar.bz2		2.4.2			
deu	rus	Lingvo Food (Ge-Ru)	https://stardict.uber.space/lingvo/stardict-lingvo-GR-Food-2.4.2.tar.bz2		2.4.2	Sat, 30 Dec 2023 06:20:32 GMT	1a2eb7-60db42565dc01	1715895
rus	deu	Lingvo Food (Ru-Ge)	https://stardict.uber.space/lingvo/stardict-lingvo-RG-Food-2.4.2.tar.bz2		2.4.2	Sat, 30 Dec 2023 06:20:33 GMT	1169db-60db42569cfaf	1141211
deu	rus	Lingvo Law (Ge-Ru)	https://stardict.uber.space/lingvo/stardict-lingvo-GR-Law-2.4.2.tar.bz2		2.4.2			
rus	deu	Lingvo Law (Ru-Ge)	https://stardict.uber.space/lingvo/stardict-lingvo-RG-Law-2.4.2.tar.bz2		2.4.2	Sat, 30 Dec 2023 06:20:33 GMT	8cb41-60db42569db67	576321
deu	rus	Lingvo Medical (Ge-Ru)	https://stardict.uber.space/lingvo/stardict-lingvo-GR-Medical-2.4.2.tar.bz2		2.4.2	Sat, 30 Dec 2023 06:20:32 GMT	179ba9-60db425660ae1	1547177
rus	deu	Lingvo Medical (Ru-Ge)	https://stardict.uber.space/lingvo/stardict-lingvo-RG-Medical-2.4.2.tar.bz2		2.4.2	Sat, 30 Dec 2023 06:20:33 GMT	1579ec-60db42569f6bf	1407468
rus	deu	Lingvo PhraseBook (Ru-Ge)	https://stardict.uber.space/lingvo/stardict-lingvo-RG-PhraseBook-2.4.2.tar.bz2		2.4.2	Sat, 30 Dec 2023 06:20:33 GMT	a597-60db42569f6bf	42391
deu	rus	Lingvo Polytechnical (Ge-Ru)	https://stardict.uber.space/lingvo/stardict-lingvo-GR-Polytechnical-2.4.2.tar.bz2		2.4.2	Sat, 30 Dec 2023 06:20:33 GMT	4bab48-60db425665518	4959048
rus	deu	Lingvo Polytechnical (Ru-Ge)	https://stardict.uber.space/lingvo/stardict-lingvo-RG-Polytechnical-2.4.2.tar.bz2		2.4.2	Sat, 30 Dec 2023 06:20:33 GMT	2c044f-60db4256a259e	2884687
ita	rus	Lingvo Auto (It-Ru)	https://stardict.uber.space/lingvo/stardict-lingvo-IR-Auto-2.4.2.tar.bz2		2.4.2	Sat, 30 Dec 2023 06:20:33 GMT	75886-60db425665ce8	481414
ita	rus	Lingvo Economics (It-Ru)	https://stardict.uber.space/lingvo/stardict-lingvo-IR-Economics-2.4.2.tar.bz2		2.4.2	Sat, 30 Dec 2023 06:20:33 GMT	73136-60db4256668a0	471350
ita	rus	Lingvo Essential (It-Ru)	https://stardict.uber.space/lingvo/stardict-lingvo-IR-Essential-2.4.2.tar.bz2		2.4.2	Sat, 30 Dec 2023 06:20:33 GMT	1a8886-60db4256683f8	1738886
ita	rus	Lingvo Medical (It-Ru)	https://stardict.uber.space/lingvo/stardict-lingvo-IR-Medical-2.4.2.tar.bz2		2.4.2	Sat, 30 Dec 2023 06:20:33 GMT	de22d-60db425669397	909869
ita	rus	Lingvo Polytechnical (It-Ru)	https://stardict.uber.space/lingvo/stardict-lingvo-IR-Polytechnical-2.4.2.tar.bz2		2.4.2	Sat, 30 Dec 2023 06:20:33 GMT	24215d-60db42566b6bf	2367837
ita	rus	Lingvo Universal (It-Ru)	https://stardict.uber.space/lingvo/stardict-lingvo-IR-Universal-2.4.2.tar.bz2		2.4.2	Sat, 30 Dec 2023 06:20:33 GMT	553a47-60db425671096	5585479
rus	ita	Lingvo Auto (Ru-It)	https://stardict.uber.space/lingvo/stardict-lingvo-RI-Auto-2.4.2.tar.bz2		2.4.2	Sat, 30 Dec 2023 06:20:33 GMT	50199-60db4256a2d6e	328089
rus	ita	Lingvo Economics (Ru-It)	https://stardict.uber.space/lingvo/stardict-lingvo-RI-Economics-2.4.2.tar.bz2		2.4.2	Sat, 30 Dec 2023 06:20:33 GMT	7202a-60db4256a353e	466986
rus	ita	Lingvo Medical (Ru-It)	https://stardict.uber.space/lingvo/stardict-lingvo-RI-Medical-2.4.2.tar.bz2		2.4.2	Sat, 30 Dec 2023 06:20:33 GMT	c0cfc-60db4256a48c6	789756
rus	ita	Lingvo PhraseBook (Ru-It)	https://stardict.uber.space/lingvo/stardict-lingvo-RI-PhraseBook-2.4.2.tar.bz2		2.4.2	Sat, 30 Dec 2023 06:20:33 GMT	a3e8-60db4256a48c6	41960
rus	ita	Lingvo Polytechnical (Ru-It)	https://stardict.uber.space/lingvo/stardict-lingvo-RI-Polytechnical-2.4.2.tar.bz2		2.4.2	Sat, 30 Dec 2023 06:20:33 GMT	3ac0e3-60db4256a8b2d	3850467
zho	rus	Kotov's Chinese-Russian dictionary	https://stardict.uber.space/lingvo/stardict-lingvo-CR-kotov-2.4.2.tar.bz2		2.4.2	Sat, 30 Dec 2023 06:20:32 GMT	14b31d-60db425603aa7	1356573
eng	eng	Babylon English	https://stardict.uber.space/babylon/bidirectional/stardict-babylon-Babylon_English-2.4.2.tar.bz2		2.4.2	Sat, 30 Dec 2023 06:20:04 GMT	613d12-60db423ae1665	6372626
eng	deu	Babylon English-German	https://stardict.uber.space/babylon/bidirectional/stardict-babylon-Babylon_English_German-2.4.2.tar.bz2		2.4.2	Sat, 30 Dec 2023 06:20:04 GMT	5078ff-60db423b0587f	5273855
deu	eng	Babylon German-English	https://stardict.uber.space/babylon/bidirectional/stardict-babylon-NEW_Babylon_German_English_dictionary-2.4.2.tar.bz2		2.4.2	Sat, 30 Dec 2023 06:20:04 GMT	781626-60db423b8768b	7869990
eng	fra	Babylon English-French	https://stardict.uber.space/babylon/bidirectional/stardict-babylon-Babylon_English_French-2.4.2.tar.bz2		2.4.2	Sat, 30 Dec 2023 06:20:04 GMT	53ab43-60db423afd799	5483331
fra	eng	Babylon French-English	https://stardict.uber.space/babylon/bidirectional/stardict-babylon-Babylon_French_English_diction-2.4.2.tar.bz2		2.4.2	Sat, 30 Dec 2023 06:20:04 GMT	377dcf-60db423b3c377	3636687
eng	spa	Babylon English-Spanish	https://stardict.uber.space/babylon/bidirectional/stardict-babylon-Babylon_English_Spanish-2.4.2.tar.bz2		2.4.2	Sat, 30 Dec 2023 06:20:04 GMT	48504e-60db423b30029	4739150
spa	eng	Babylon Spanish-English	https://stardict.uber.space/babylon/bidirectional/stardict-babylon-Babylon_Spanish_English_dictio-2.4.2.tar.bz2		2.4.2	Sat, 30 Dec 2023 06:20:04 GMT	588998-60db423b7075e	5802392
eng	ita	Babylon English-Italian	https://stardict.uber.space/babylon/bidirectional/stardict-babylon-Babylon_English_Italian-2.4.2.tar.bz2		2.4.2	Sat, 30 Dec 2023 06:20:04 GMT	4854de-60db423b16dd5	4740318
ita	eng	Babylon Italian-English	https://stardict.uber.space/babylon/bidirectional/stardict-babylon-Babylon_Italian_English_dictio-2.4.2.tar.bz2		2.4.2	Sat, 30 Dec 2023 06:20:04 GMT	3227d8-60db423b4a21d	3287000
eng	nld	Babylon English-Dutch	https://stardict.uber.space/babylon/bidirectional/stardict-babylon-Babylon_English_Dutch-2.4.2.tar.bz2		2.4.2	Sat, 30 Dec 2023 06:20:04 GMT	453173-60db423af27d2	4534643
nld	eng	Babylon Dutch-English	https://stardict.uber.space/babylon/bidirectional/stardict-babylon-Babylon_Dutch_English-2.4.2.tar.bz2		2.4.2	Sat, 30 Dec 2023 06:20:04 GMT	20150c-60db423ad85de	2102540
eng	por	Babylon English-Portuguese	https://stardict.uber.space/babylon/bidirectional/stardict-babylon-Babylon_English_Portuguese-2.4.2.tar.bz2		2.4.2	Sat, 30 Dec 2023 06:20:04 GMT	4c8b5a-60db423b26002	5016410
por	eng	Babylon Portuguese-English	https://stardict.uber.space/babylon/bidirectional/stardict-babylon-Babylon_Portuguese_English_dic-2.4.2.tar.bz2		2.4.2	Sat, 30 Dec 2023 06:20:04 GMT	3ac18e-60db423b61531	3850638
eng	heb	Babylon English-Hebrew	https://stardict.uber.space/babylon/bidirectional/stardict-babylon-Babylon_English_Hebrew-2.4.2.tar.bz2		2.4.2	Sat, 30 Dec 2023 06:20:04 GMT	4f1270-60db423b0dd4e	5182064
heb	eng	Babylon Hebrew-English	https://stardict.uber.space/babylon/bidirectional/stardict-babylon-Babylon_Hebrew_English-2.4.2.tar.bz2		2.4.2	Sat, 30 Dec 2023 06:20:04 GMT	2535a3-60db423b4157e	2438563
heb	eng	Babylon Hebrew-Thesaurus	https://stardict.uber.space/babylon/bidirectional/stardict-babylon-Babylon_Hebrew_Thesaurus-2.4.2.tar.bz2		2.4.2	Sat, 30 Dec 2023 06:20:04 GMT	37b6fa-60db423b4639d	3651322
eng	jpn	Babylon English-Japanese	https://stardict.uber.space/babylon/bidirectional/stardict-babylon-Babylon_English_Japanese-2.4.2.tar.bz2		2.4.2	Sat, 30 Dec 2023 06:20:04 GMT	4d7a8c-60db423b1d364	5077644
jpn	eng	Babylon Japanese-English	https://stardict.uber.space/babylon/bidirectional/stardict-babylon-Babylon_Japanese_English_dicti-2.4.2.tar.bz2		2.4.2	Sat, 30 Dec 2023 06:20:04 GMT	9472cf-60db423b584aa	9728719
zho	eng	Babylon Chinese-English	https://stardict.uber.space/babylon/bidirectional/stardict-babylon-Babylon_Chinese_S_English-2.4.2.tar.bz2		2.4.2	Sat, 30 Dec 2023 06:20:04 GMT	1d30c2-60db423ac35f2	1913026
zho	eng	Babylon Chinese-English	https://stardict.uber.space/babylon/bidirectional/stardict-babylon-Babylon_Chinese_T_English-2.4.2.tar.bz2		2.4.2	Sat, 30 Dec 2023 06:20:04 GMT	1d499c-60db423ad56ff	1919388
eng	rus	Babylon English-Russian	https://stardict.uber.space/babylon/bidirectional/stardict-babylon-Babylon_English_Russian-2.4.2.tar.bz2		2.4.2	Sat, 30 Dec 2023 06:20:04 GMT	314200-60db423b29e82	3228160
rus	eng	Babylon Russian-English	https://stardict.uber.space/babylon/bidirectional/stardict-babylon-Babylon_Russian_English-2.4.2.tar.bz2		2.4.2	Sat, 30 Dec 2023 06:20:04 GMT	456971-60db423b676d8	4548977
eng	tur	Babylon English-Turkish	https://stardict.uber.space/babylon/bidirectional/stardict-babylon-Babylon_English_Turkish-2.4.2.tar.bz2		2.4.2	Sat, 30 Dec 2023 06:20:04 GMT	24ab4a-60db423b3793f	2403146
tur	eng	Babylon Turkish-English	https://stardict.uber.space/babylon/bidirectional/stardict-babylon-Babylon_Turkish_English-2.4.2.tar.bz2		2.4.2	Sat, 30 Dec 2023 06:20:04 GMT	56f4dd-60db423b7bef5	5698781
eng	swe	Babylon English-Swedish	https://stardict.uber.space/babylon/bidirectional/stardict-babylon-Babylon_English_Swedish-2.4.2.tar.bz2		2.4.2	Sat, 30 Dec 2023 06:20:04 GMT	341a53-60db423b34a60	3414611
ell	eng	Babylon Greek-English	https://stardict.uber.space/babylon/bidirectional/stardict-babylon-Babylon_Greek_English-2.4.2.tar.bz2		2.4.2	Sat, 30 Dec 2023 06:20:04 GMT	177c90-60db423b3e2b6	1539216
eng	ell	Babylon English-Greek	https://stardict.uber.space/babylon/bidirectional/stardict-babylon-Babylon_English_Greek-2.4.2.tar.bz2		2.4.2	Sat, 30 Dec 2023 06:20:04 GMT	168b42-60db423b077bf	1477442
eng	kor	Babylon English-Korean	https://stardict.uber.space/babylon/bidirectional/stardict-babylon-Babylon_English_Korean-2.4.2.tar.bz2		2.4.2	Sat, 30 Dec 2023 06:20:04 GMT	20ac34-60db423b20243	2141236
kor	eng	Babylon Korean-English	https://stardict.uber.space/babylon/bidirectional/stardict-babylon-Babylon_Korean_English-2.4.2.tar.bz2		2.4.2	Sat, 30 Dec 2023 06:20:04 GMT	347cd2-60db423b5c712	3439826
eng	ara	Babylon English-Arabic	https://stardict.uber.space/babylon/bidirectional/stardict-babylon-Babylon_English_Arabic-2.4.2.tar.bz2		2.4.2	Sat, 30 Dec 2023 06:20:04 GMT	17aab5-60db423ae3d75	1551029
ara	eng	Babylon Arabic-English	https://stardict.uber.space/babylon/bidirectional/stardict-babylon-Babylon_Arabic_English-2.4.2.tar.bz2		2.4.2	Sat, 30 Dec 2023 06:20:04 GMT	26e60a-60db423ac0ee2	2549258
eng	eng	American Heritage Dictionary, 4th Edition	https://stardict.uber.space/babylon/english/stardict-babylon-AHD4-2.4.2.tar.bz2		2.4.2	Sat, 30 Dec 2023 06:20:09 GMT	bd328b-60db424070edd	12399243
eng	eng	Oxford Advanced learner's Dictionary	https://stardict.uber.space/babylon/english/stardict-babylon-oxford_advanced_learner_dictionary-2.4.2.tar.bz2		2.4.2	Sat, 30 Dec 2023 06:20:11 GMT	487a5d-60db42418d960	4749917
eng	eng	Collins COBUILD Advanced Learner's English Dictionary	https://stardict.uber.space/babylon/english/stardict-babylon-collins4-2.4.2.tar.bz2		2.4.2	Sat, 30 Dec 2023 06:20:11 GMT	5ad490-60db424183d22	5952656
eng	eng	Collins COBUILD V3	https://stardict.uber.space/babylon/english/stardict-babylon-collins3-2.4.2.tar.bz2		2.4.2	Sat, 30 Dec 2023 06:20:11 GMT	6b8fcb-60db424179cfb	7049163
eng	eng	FOLDOC	https://stardict.uber.space/babylon/english/stardict-babylon-FOLDOC_Computer_Dictionary-2.4.2.tar.bz2		2.4.2	Sat, 30 Dec 2023 06:20:10 GMT	2825f7-60db42414c28a	2631159
eng	eng	Acronyms from A - Z	https://stardict.uber.space/babylon/english/stardict-babylon-Acronyms_from_A___Z-2.4.2.tar.bz2		2.4.2	Sat, 30 Dec 2023 06:20:10 GMT	184202-60db42414840b	1589762
eng	eng	Most Common Acronyms and Abbreviations	https://stardict.uber.space/babylon/english/stardict-babylon-MostCommonAcronymsAndAbbreviations-2.4.2.tar.bz2		2.4.2	Sat, 30 Dec 2023 06:20:10 GMT	236f2-60db42414ce42	145138
eng	eng	American Heritage Dictionary	https://stardict.uber.space/babylon/english/stardict-AmericanHeritageDictionary-2.4.2.tar.bz2		2.4.2	Sat, 30 Dec 2023 06:20:05 GMT	38bdb58-60db423ca0e47	59497304
eng	eng	American Idioms 4.6	https://stardict.uber.space/babylon/english/stardict-American_Idioms_4.6-2.4.2.tar.bz2		2.4.2	Sat, 30 Dec 2023 06:20:05 GMT	be676-60db423ca48de	779894
eng	eng	American Slang	https://stardict.uber.space/babylon/english/stardict-AmericanSlang-2.4.2.tar.bz2		2.4.2	Sat, 30 Dec 2023 06:20:05 GMT	f6e3f-60db423ca3556	1011263
eng	eng	Australian Slang	https://stardict.uber.space/babylon/english/stardict-Australian_Slang-2.4.2.tar.bz2		2.4.2	Sat, 30 Dec 2023 06:20:06 GMT	70047-60db423ca587e	458823
eng	eng	Babylon English-English	https://stardict.uber.space/babylon/english/stardict-Babylon_English_English-2.4.2.tar.bz2		2.4.2	Sat, 30 Dec 2023 06:20:06 GMT	5c66d2-60db423cb0074	6055634
eng	eng	BBI Combinatory Glossary	https://stardict.uber.space/babylon/english/stardict-BBI_Combinatory_Glossary-2.4.2.tar.bz2		2.4.2	Sat, 30 Dec 2023 06:20:06 GMT	afbac-60db423ca6fee	719788
eng	eng	britannica_concise_encyclopedi	https://stardict.uber.space/babylon/english/stardict-britannica_concise_encyclopedi-2.4.2.tar.bz2		2.4.2	Sat, 30 Dec 2023 06:20:12 GMT	fd63b9-60db4242bdc60	16606137
eng	eng	Britannica Pocket Encyclopedia	https://stardict.uber.space/babylon/english/stardict-Britannica_Pocket_Encyclopedia-2.4.2.tar.bz2		2.4.2	Sat, 30 Dec 2023 06:20:06 GMT	ac5729-60db423cd1f67	11294505
eng	eng	British Slang	https://stardict.uber.space/babylon/english/stardict-BritishSlang-2.4.2.tar.bz2		2.4.2	Sat, 30 Dec 2023 06:20:06 GMT	27b20-60db423cd234f	162592
eng	eng	Cambridge Advanced Learner's Dictionary	https://stardict.uber.space/babylon/english/stardict-Cambridge_Advanced_Learner_s_Dictionary-2.4.2.tar.bz2		2.4.2	Sat, 30 Dec 2023 06:20:06 GMT	64d79c-60db423ce1964	6608796
eng	eng	The World Factbook 2007	https://stardict.uber.space/babylon/english/stardict-CIAWorldFactbook2007_1.0-2.4.2.tar.bz2		2.4.2	Sat, 30 Dec 2023 06:20:06 GMT	72fad7-60db423cd9c66	7535319
eng	eng	Collins Cobuild 5	https://stardict.uber.space/babylon/english/stardict-Collins_Cobuild_5-2.4.2.tar.bz2		2.4.2	Sat, 30 Dec 2023 06:20:06 GMT	5b198c-60db423cf4241	5970316
eng	eng	Collins COBUILD V3	https://stardict.uber.space/babylon/english/stardict-Collins_COBUILD_3-2.4.2.tar.bz2		2.4.2	Sat, 30 Dec 2023 06:20:06 GMT	6b56b8-60db423cebd73	7034552
eng	eng	Columbia Encyclopedia	https://stardict.uber.space/babylon/english/stardict-ColumbiaEncyclopedia1.0-2.4.2.tar.bz2		2.4.2	Sat, 30 Dec 2023 06:20:06 GMT	1511418-60db423d0e04d	22090776
eng	eng	Computer Abbreviations v1.5	https://stardict.uber.space/babylon/english/stardict-Computer_Abbrevation_v0_5-2.4.2.tar.bz2		2.4.2	Sat, 30 Dec 2023 06:20:06 GMT	2d503-60db423d0e81d	185603
eng	eng	Concise Oxford English Dictionary	https://stardict.uber.space/babylon/english/stardict-Concise_Oxford_English_Dictionary_2-2.4.2.tar.bz2		2.4.2	Sat, 30 Dec 2023 06:20:06 GMT	74c1cd-60db423d16cec	7651789
eng	eng	Concise Oxford Thesaurus	https://stardict.uber.space/babylon/english/stardict-Concise_Oxford_Thesaurus-2.4.2.tar.bz2		2.4.2	Sat, 30 Dec 2023 06:20:06 GMT	2fcdc9-60db423d1a783	3132873
eng	eng	Oxford Dictionary of English Folklore	https://stardict.uber.space/babylon/english/stardict-Dictionary_of_English_Folklore1.1-2.4.2.tar.bz2		2.4.2	Sat, 30 Dec 2023 06:20:06 GMT	c82ea-60db423d1bef3	819946
eng	eng	Dictionary of Financial and Business Terms	https://stardict.uber.space/babylon/english/stardict-DictionaryOfFinancialAndBusinessTerms0.4-2.4.2.tar.bz2		2.4.2	Sat, 30 Dec 2023 06:20:06 GMT	29d36-60db423d1ab6b	171318
eng	eng	Dictionary of Phrase and Fable	https://stardict.uber.space/babylon/english/stardict-Dictionary_of_Phrase_and_Fable1.1-2.4.2.tar.bz2		2.4.2	Sat, 30 Dec 2023 06:20:06 GMT	35f6b8-60db423d20542	3536568
eng	eng	FOLDOC Computer Dictionary	https://stardict.uber.space/babylon/english/stardict-FOLDOC_Computer_Dictionary-2.4.2.tar.bz2		2.4.2	Sat, 30 Dec 2023 06:20:06 GMT	1b21dd-60db423d2286a	1778141
eng	eng	hEnglish - advanced version	https://stardict.uber.space/babylon/english/stardict-hEnglish___advanced_version-2.4.2.tar.bz2		2.4.2	Sat, 30 Dec 2023 06:20:12 GMT	f3c5d6-60db4242da564	15975894
eng	eng	Jargon File	https://stardict.uber.space/babylon/english/stardict-Jargon_File-2.4.2.tar.bz2		2.4.2	Sat, 30 Dec 2023 06:20:06 GMT	8c7a0-60db423d23bf2	575392
eng	eng	Longman Dictionary of Contemporary English 4th	https://stardict.uber.space/babylon/english/stardict-LDOCE4-2.4.2.tar.bz2		2.4.2	Sat, 30 Dec 2023 06:20:06 GMT	1aaf71a-60db423d7d194	27981594
eng	eng	Longman Activator	https://stardict.uber.space/babylon/english/stardict-LongmanActivator_1.3-2.4.2.tar.bz2		2.4.2	Sat, 30 Dec 2023 06:20:06 GMT	4343e5-60db423d81fb3	4408293
eng	eng	Longman Dictionary of Common Errors	https://stardict.uber.space/babylon/english/stardict-LongmanCommonErrors_1.1-2.4.2.tar.bz2		2.4.2	Sat, 30 Dec 2023 06:20:06 GMT	5c9da-60db423d82783	379354
eng	eng	Longman Dictionary of Contemporary English (5th Edition)	https://stardict.uber.space/babylon/english/stardict-LongmanDOCE5_1.5-2.4.2.tar.bz2		2.4.2	Sat, 30 Dec 2023 06:20:06 GMT	da9226-60db423d915c9	14324262
eng	eng	MacMillan English Dictionary -American	https://stardict.uber.space/babylon/english/stardict-MacMillanEnglishDictionary-2.4.2.tar.bz2		2.4.2	Sat, 30 Dec 2023 06:20:06 GMT	519a04-60db423d96bb8	5347844
eng	eng	Merriam-Webster Collegiate® Dictionary	https://stardict.uber.space/babylon/english/stardict-Merriam-Webster_Collegiate_Dictionary-2.4.2.tar.bz2		2.4.2	Sat, 30 Dec 2023 06:20:07 GMT	1efe082-60db423dc2ad1	32497794
eng	eng	Merriam-Webster Collegiate® Thesaurus	https://stardict.uber.space/babylon/english/stardict-Merriam_Webster_Collegiate__Th-2.4.2.tar.bz2		2.4.2	Sat, 30 Dec 2023 06:20:07 GMT	2629cd-60db423dc6568	2501069
eng	eng	Merriam-Webster's Dictionary of Law	https://stardict.uber.space/babylon/english/stardict-Merriam-Webster_s_Dictionary_of_Law-2.4.2.tar.bz2		2.4.2	Sat, 30 Dec 2023 06:20:07 GMT	ef7d8-60db423dc3e59	980952
eng	eng	Merriam Webster's Medical Desk Dictionary	https://stardict.uber.space/babylon/english/stardict-Merriam_Webster_s_Medical_Desk_Dictionary-2.4.2.tar.bz2		2.4.2	Sat, 30 Dec 2023 06:20:07 GMT	375eaa-60db423dca3e8	3628714
eng	eng	Microsoft Computer Dictionary	https://stardict.uber.space/babylon/english/stardict-Microsoft_Computer_Dictionary-2.4.2.tar.bz2		2.4.2	Sat, 30 Dec 2023 06:20:07 GMT	30d9d0-60db423dcd6af	3201488
eng	eng	Moby_Thesaurus	https://stardict.uber.space/babylon/english/stardict-Moby_Thesaurus-2.4.2.tar.bz2		2.4.2	Sat, 30 Dec 2023 06:20:07 GMT	9c98a5-60db423dd6f06	10262693
eng	eng	New Oxford English Dictionary	https://stardict.uber.space/babylon/english/stardict-New_Oxford_English_Dictionary-2.4.2.tar.bz2		2.4.2	Sat, 30 Dec 2023 06:20:07 GMT	f04489-60db423de651b	15746185
eng	eng	New Oxford Thesaurus Dictionary	https://stardict.uber.space/babylon/english/stardict-New_Oxford_Thesaurus_Dictionary-2.4.2.tar.bz2		2.4.2	Sat, 30 Dec 2023 06:20:07 GMT	529a97-60db423e137bc	5413527
eng	eng	Online Etymology Dictionary	https://stardict.uber.space/babylon/english/stardict-Online_Etymology_Dictionary1.1-2.4.2.tar.bz2		2.4.2	Sat, 30 Dec 2023 06:20:07 GMT	20c049-60db423e20e92	2146377
eng	eng	Oxford Advanced Learner's Dictionary 7th	https://stardict.uber.space/babylon/english/stardict-Oxford_Advanced_Learner_s_Dictionary_7-2.4.2.tar.bz2		2.4.2	Sat, 30 Dec 2023 06:20:08 GMT	2975129-60db423f5fbf0	43471145
eng	eng	Oxford Collocations Dictionary	https://stardict.uber.space/babylon/english/stardict-OXFORD_COLLOCATIONS_Dictionary_for_students_of_English-2.4.2.tar.bz2		2.4.2	Sat, 30 Dec 2023 06:20:07 GMT	29bcaa-60db423e1dbcb	2735274
eng	eng	Oxford Dictionary of Quotations	https://stardict.uber.space/babylon/english/stardict-Oxford_Dictionary_of_Quotations-2.4.2.tar.bz2		2.4.2	Sat, 30 Dec 2023 06:20:08 GMT	38b091-60db423f64a0f	3715217
eng	eng	Oxford_Talking_Dictionary	https://stardict.uber.space/babylon/english/stardict-Oxford_Talking_Dictionary-2.4.2.tar.bz2		2.4.2	Sat, 30 Dec 2023 06:20:09 GMT	1e27511-60db423f897e1	31618321
eng	eng	Probert Encyclopaedia of Slang	https://stardict.uber.space/babylon/english/stardict-ProbertDictionaryOfSlang_1.9_uppercase-2.4.2.tar.bz2		2.4.2	Sat, 30 Dec 2023 06:20:09 GMT	87a35-60db423f8a781	555573
eng	eng	Rakefet	https://stardict.uber.space/babylon/english/stardict-Rakefet-2.4.2.tar.bz2		2.4.2	Sat, 30 Dec 2023 06:20:09 GMT	1a89ee-60db423f8ce91	1739246
eng	eng	Roget's II: The New Thesaurus	https://stardict.uber.space/babylon/english/stardict-RogetsIIThesaurus-2.4.2.tar.bz2		2.4.2	Sat, 30 Dec 2023 06:20:09 GMT	2b6229-60db423fb5ae2	2843177
eng	eng	Shorter Oxford English Dictionary	https://stardict.uber.space/babylon/english/stardict-Shorter_Oxford_English_Dictionary-2.4.2.tar.bz2		2.4.2	Sat, 30 Dec 2023 06:20:09 GMT	1735cdd-60db423feba22	24337629
eng	eng	The 'Lectric Law Library	https://stardict.uber.space/babylon/english/stardict-The__Lectric_Law_Library-2.4.2.tar.bz2		2.4.2	Sat, 30 Dec 2023 06:20:09 GMT	117c65-60db423ff1fb1	1145957
eng	eng	The Oxford World Encyclopedia	https://stardict.uber.space/babylon/english/stardict-The_Oxford_World_Encyclopedia-2.4.2.tar.bz2		2.4.2	Sat, 30 Dec 2023 06:20:09 GMT	3cfa9a-60db423ff0459	3996314
eng	eng	The Probert Encyclopedia Of Mythology	https://stardict.uber.space/babylon/english/stardict-The_Probert_Encyclopedia_Of_Mythology06-2.4.2.tar.bz2		2.4.2	Sat, 30 Dec 2023 06:20:09 GMT	1e68a-60db423ff0841	124554
eng	eng	Webster's Revised Unabridged Dictionary (1913)	https://stardict.uber.space/babylon/english/stardict-Webster_s_Revised_Unabridged_D-2.4.2.tar.bz2		2.4.2	Sat, 30 Dec 2023 06:20:09 GMT	58cbea-60db42403c325	5819370
eng	eng	Cassell's Dictionary of Word and Phrase Origins	https://stardict.uber.space/babylon/english/stardict-word_and_phrase_origins1.0-2.4.2.tar.bz2		2.4.2	Sat, 30 Dec 2023 06:20:12 GMT	43862-60db4242db504	276578
eng	eng	WordWeb	https://stardict.uber.space/babylon/english/stardict-WordWeb1.1_2-2.4.2.tar.bz2		2.4.2	Sat, 30 Dec 2023 06:20:09 GMT	152b240-60db424063037	22196800
eng	eng	Black's Medical Dictionary and Encyclopedia 41st	https://stardict.uber.space/babylon/english/stardict-Babylon_Black_s_Medical_Dictionary_and_Encyclopedia_41st-2.4.2.tar.bz2		2.4.2	Sat, 30 Dec 2023 06:20:06 GMT	15e877-60db423ca8f2d	1435767
eng	eng	McGraw-Hill Dictionary of Science and Technology	https://stardict.uber.space/babylon/english/stardict-Babylon_McGraw-Hill_Dictionary_and_Encyclopedia_of_Science_and_Technology-2.4.2.tar.bz2		2.4.2	Sat, 30 Dec 2023 06:20:06 GMT	66621b-60db423cb69eb	6709787
eng	eng	Stedman's Medical Dictionary	https://stardict.uber.space/babylon/english/stardict-Babylon_Stedman_s_Medical_Dictionary-2.4.2.tar.bz2		2.4.2	Sat, 30 Dec 2023 06:20:06 GMT	64ed38-60db423cbe302	6614328
eng	eng	Black's Law Dictionary	https://stardict.uber.space/babylon/english/stardict-Black_s_Law_Dictionary-2.4.2.tar.bz2		2.4.2	Sat, 30 Dec 2023 06:20:06 GMT	335dbd-60db423cc2569	3366333
eng	eng	Black's Law Dictionary 8th Edition	https://stardict.uber.space/babylon/english/stardict-Black_s_Law_Dictionary_8th_Edition-2.4.2.tar.bz2		2.4.2	Sat, 30 Dec 2023 06:20:06 GMT	386a7e-60db423cc63e9	3697278
eng	zho	计算机网络与移动通信	https://stardict.uber.space/babylon/chinese/stardict-babylon-JiSuanJiWangLuoYuYiDongTongXin-2.4.2.tar.bz2		2.4.2	Sat, 30 Dec 2023 06:20:05 GMT	436b1-60db423bf4892	276145
eng	zho	家庭实用菜谱	https://stardict.uber.space/babylon/chinese/stardict-babylon-Chinese.Daily.Cookbook-2.4.2.tar.bz2		2.4.2			
eng	zho	Windows术语表	https://stardict.uber.space/babylon/chinese/stardict-babylon-WindowsShuYuBiao-2.4.2.tar.bz2		2.4.2			
eng	zho	超级数字大词典	https://stardict.uber.space/babylon/chinese/stardict-babylon-ChaoJiShuZiDaCiDian-2.4.2.tar.bz2		2.4.2	Sat, 30 Dec 2023 06:20:05 GMT	8cde1-60db423bd299f	576993
eng	zho	世界人名翻译大辞典 	https://stardict.uber.space/babylon/chinese/stardict-babylon-NamesOfTheWorld_sPeoples-2.4.2.tar.bz2		2.4.2			
eng	zho	GRE_BLACK_BIBLE	https://stardict.uber.space/babylon/chinese/stardict-GRE_BLACK_BIBLE-2.4.2.tar.bz2		2.4.2	Sat, 30 Dec 2023 06:20:04 GMT	bd8a2-60db423b89d9a	776354
eng	zho	GRE_BLUE_BIBLE	https://stardict.uber.space/babylon/chinese/stardict-GRE_BLUE_BIBLE-2.4.2.tar.bz2		2.4.2	Sat, 30 Dec 2023 06:20:04 GMT	74ab5-60db423b8ebba	477877
eng	zho	GRE_RED_BIBLE	https://stardict.uber.space/babylon/chinese/stardict-GRE_RED_BIBLE-2.4.2.tar.bz2		2.4.2	Sat, 30 Dec 2023 06:20:04 GMT	35323-60db423b8efa2	217891
eng	zho	NCCE汉英科技词典	https://stardict.uber.space/babylon/chinese/stardict-NCCE_CN-EN-2.4.2.tar.bz2		2.4.2	Sat, 30 Dec 2023 06:20:04 GMT	efba27-60db423b9f557	15710759
eng	zho	NCCE英汉科技词典	https://stardict.uber.space/babylon/chinese/stardict-NCCE_EN-CN-2.4.2.tar.bz2		2.4.2	Sat, 30 Dec 2023 06:20:05 GMT	eef1e2-60db423bd1de7	15659490
eng	zho	电脑网络与移动通信词典	https://stardict.uber.space/babylon/chinese/stardict-diannaowangluo-2.4.2.tar.bz2		2.4.2			
eng	zho	简明双向汉英词典	https://stardict.uber.space/babylon/chinese/stardict-jianmingshuangxianghanying-2.4.2.tar.bz2		2.4.2			
eng	zho	简明英汉词典	https://stardict.uber.space/babylon/chinese/stardict-jianmingyinghan-2.4.2.tar.bz2		2.4.2			
eng	zho	金山词霸英汉双向词典	https://stardict.uber.space/babylon/chinese/stardict-kingsoftshuangxiang-2.4.2.tar.bz2		2.4.2			
eng	zho	美国传统词典双解版	https://stardict.uber.space/babylon/chinese/stardict-meiguochuantongshuangjie-2.4.2.tar.bz2		2.4.2			
eng	zho	牛津短语动词词典	https://stardict.uber.space/babylon/chinese/stardict-oxfordduanyudongci-2.4.2.tar.bz2		2.4.2			
eng	zho	牛津高阶英汉双解词典第四版	https://stardict.uber.space/babylon/chinese/stardict-oxfordadvance4-2.4.2.tar.bz2		2.4.2			
eng	zho	牛津同义词词典	https://stardict.uber.space/babylon/chinese/stardict-oxfordtongyici-2.4.2.tar.bz2		2.4.2			
eng	zho	牛津英语搭配词典	https://stardict.uber.space/babylon/chinese/stardict-oxfordendapei-2.4.2.tar.bz2		2.4.2			
eng	zho	牛津英语习语词典	https://stardict.uber.space/babylon/chinese/stardict-oxfordenxiyu-2.4.2.tar.bz2		2.4.2			
eng	zho	现代英汉综合大辞典	https://stardict.uber.space/babylon/chinese/stardict-xiandaiyinghanzonghe-2.4.2.tar.bz2		2.4.2			
eng	zho	现代汉英综合大辞典	https://stardict.uber.space/babylon/chinese/stardict-xiandaihanyingzonghe-2.4.2.tar.bz2		2.4.2			
eng	zho	现代商务英汉大辞典	https://stardict.uber.space/babylon/chinese/stardict-xiandaishangwu-2.4.2.tar.bz2		2.4.2			
eng	zho	现代英汉词典	https://stardict.uber.space/babylon/chinese/stardict-xiandaiyinghan-2.4.2.tar.bz2		2.4.2			
eng	zho	湘雅医学词典	https://stardict.uber.space/babylon/chinese/stardict-xiangyayixue-2.4.2.tar.bz2		2.4.2			
eng	zho	新牛津美语大词典	https://stardict.uber.space/babylon/chinese/stardict-xinoxfordmeiyu-2.4.2.tar.bz2		2.4.2			
eng	zho	新牛津英汉双解词典	https://stardict.uber.space/babylon/chinese/stardict-xinoxfordyinghanshuangjie-2.4.2.tar.bz2		2.4.2			
eng	zho	英汉词典	https://stardict.uber.space/babylon/chinese/stardict-yinghancidian-2.4.2.tar.bz2		2.4.2			
eng	zho	英汉法律大词典	https://stardict.uber.space/babylon/chinese/stardict-yinghanfalv-2.4.2.tar.bz2		2.4.2			
eng	zho	英汉机械大词典	https://stardict.uber.space/babylon/chinese/stardict-yinghanjixie-2.4.2.tar.bz2		2.4.2			
eng	zho	英汉汽车大词典	https://stardict.uber.space/babylon/chinese/stardict-yinghanqiche-2.4.2.tar.bz2		2.4.2			
eng	zho	英汉石油名词词典	https://stardict.uber.space/babylon/chinese/stardict-yinghanshiyou-2.4.2.tar.bz2		2.4.2			
eng	zho	英汉数学名词词典	https://stardict.uber.space/babylon/chinese/stardict-yinghanmath-2.4.2.tar.bz2		2.4.2			
eng	zho	英汉双解计算机词典	https://stardict.uber.space/babylon/chinese/stardict-yinghanshuangjiecomputer-2.4.2.tar.bz2		2.4.2			
eng	zho	英汉医学大词典	https://stardict.uber.space/babylon/chinese/stardict-yinghanyixue-2.4.2.tar.bz2		2.4.2			
eng	zho	用法词典	https://stardict.uber.space/babylon/chinese/stardict-yongfa-2.4.2.tar.bz2		2.4.2			
deu	ina	Deutsch-Interlingua Wörterbuch	https://stardict.uber.space/babylon/german/stardict-babylon-Deutsch_Interlingua_W_rterbuch-2.4.2.tar.bz2		2.4.2	Sat, 30 Dec 2023 06:20:13 GMT	1025e8-60db42442a817	1058280
deu	deu	Duden Deutsch-Deutsch Lexikon	https://stardict.uber.space/babylon/german/stardict-babylon-fundset_Duden_D2D-2.4.2.tar.bz2		2.4.2	Sat, 30 Dec 2023 06:20:13 GMT	760f5d-60db42443406d	7737181
jpn	zho	Japanese-Chinese	https://stardict.uber.space/babylon/japanese/stardict-babylon-jpn_chs-2.4.2.tar.bz2		2.4.2	Sat, 30 Dec 2023 06:20:18 GMT	748e2c-60db4248a7a1a	7638572
eng	jpn	Genius English-Japanese	https://stardict.uber.space/babylon/japanese/stardict-gen_eng_jpn-2.4.2.tar.bz2		2.4.2	Sat, 30 Dec 2023 06:20:18 GMT	9fd351-60db4248b4538	10474321
jpn	eng	Genius Japanese-English	https://stardict.uber.space/babylon/japanese/stardict-gen_jpn_eng-2.4.2.tar.bz2		2.4.2	Sat, 30 Dec 2023 06:20:18 GMT	8fac46-60db4248c3b4d	9415750
eng	jpn	Genius Unabridged English-Japanese	https://stardict.uber.space/babylon/japanese/stardict-Genius_English_Japanese_Big-2.4.2.tar.bz2		2.4.2	Sat, 30 Dec 2023 06:20:14 GMT	228a846-60db42447dffa	36218950
jpn	eng	Japanese-English Index to Genius Unabridged	https://stardict.uber.space/babylon/japanese/stardict-Genius_Japanese_English_Big_In-2.4.2.tar.bz2		2.4.2	Sat, 30 Dec 2023 06:20:14 GMT	82c0a5-60db4244a58c3	8568997
jpn	jpn	Meikyo Japanese-Japanese	https://stardict.uber.space/babylon/japanese/stardict-Meikyo_Japanese-Japanese-2.4.2.tar.bz2		2.4.2	Sat, 30 Dec 2023 06:20:16 GMT	8562c4-60db42465d3a6	8741572
jpn	kor	Naver Japanese-Korean Dictionary	https://stardict.uber.space/babylon/japanese/stardict-NaverJpKr-2.4.2.tar.bz2		2.4.2	Sat, 30 Dec 2023 06:20:17 GMT	997b64-60db4247b47a0	10058596
kor	jpn	Naver Korean-Japanese Dictionary	https://stardict.uber.space/babylon/japanese/stardict-NaverKrJp-2.4.2.tar.bz2		2.4.2	Sat, 30 Dec 2023 06:20:17 GMT	6a6a6b-60db4247bd057	6974059
jpn	jpn	会社四季報 2005年版1集	https://stardict.uber.space/babylon/japanese/stardict-HuiSheSiJiBao_2005_1-2.4.2.tar.bz2		2.4.2	Sat, 30 Dec 2023 06:20:14 GMT	664656-60db4244ad5c2	6702678
jpn	jpn	RYAKUJIRO v86 / 略辞郎v86	https://stardict.uber.space/babylon/japanese/stardict-LueCiLangv86-2.4.2.tar.bz2		2.4.2	Sat, 30 Dec 2023 06:20:14 GMT	158736-60db4244c8b3e	1410870
jpn	jpn	南山堂医学大辞典 第１８版	https://stardict.uber.space/babylon/japanese/stardict-NanShanTangYiXue-2.4.2.tar.bz2		2.4.2	Sat, 30 Dec 2023 06:20:16 GMT	2f1a022-60db4246ad4da	49389602
jpn	jpn	日语百科全书	https://stardict.uber.space/babylon/japanese/stardict-JapaneseBaiKeQuanShu-2.4.2.tar.bz2		2.4.2	Sat, 30 Dec 2023 06:20:14 GMT	119f2b2-60db4244c6816	18477746
jpn	jpn	小学馆日中辞典	https://stardict.uber.space/babylon/japanese/stardict-XiaoXueTangJaCn-2.4.2.tar.bz2		2.4.2	Sat, 30 Dec 2023 06:20:17 GMT	c885a7-60db4247cc284	13141415
jpn	jpn	英辞郎v86	https://stardict.uber.space/babylon/japanese/stardict-YingCiLangv86-2.4.2.tar.bz2		2.4.2	Sat, 30 Dec 2023 06:20:18 GMT	2acc393-60db424899b74	44876691
jpn	jpn	知恵蔵2005	https://stardict.uber.space/babylon/japanese/stardict-ZhiHuiZang2005-2.4.2.tar.bz2		2.4.2	Sat, 30 Dec 2023 06:20:18 GMT	3267a7-60db42489dddb	3303335
fra	fra	Codes postaux français - French postal codes	https://stardict.uber.space/babylon/french/stardict-CodesPostaux-2.4.2.tar.bz2		2.4.2	Sat, 30 Dec 2023 06:20:12 GMT	99248-60db4242dd82b	627272
fra	fra	Cuisine_Glossary	https://stardict.uber.space/babylon/french/stardict-Cuisine_Glossary-2.4.2.tar.bz2		2.4.2	Sat, 30 Dec 2023 06:20:12 GMT	2149ce-60db4242e458a	2181582
eng	fra	Customs and Excise Glossary	https://stardict.uber.space/babylon/french/stardict-Customs_and_Excise_Glossary-2.4.2.tar.bz2		2.4.2	Sat, 30 Dec 2023 06:20:12 GMT	3735a-60db4242e5142	226138
fra	fra	Dictionnaire des abréviations	https://stardict.uber.space/babylon/french/stardict-Dictionnaire_des_abr_viations-2.4.2.tar.bz2		2.4.2	Sat, 30 Dec 2023 06:20:12 GMT	250d4-60db4242e5912	151764
fra	zho	French-Chinese GBK	https://stardict.uber.space/babylon/french/stardict-French-Chinese_Dictionary-2.4.2.tar.bz2		2.4.2	Sat, 30 Dec 2023 06:20:12 GMT	84ac2d-60db4242f4f27	8694829
fra	eng	French-English Online Dictionary	https://stardict.uber.space/babylon/french/stardict-French_English_Online_Dictiona-2.4.2.tar.bz2		2.4.2	Sat, 30 Dec 2023 06:20:12 GMT	580c9-60db4242f6a7f	360649
fra	fra	French Morphology and Phonetics	https://stardict.uber.space/babylon/french/stardict-French_Morphology_and_Phonetics-2.4.2.tar.bz2		2.4.2	Sat, 30 Dec 2023 06:20:12 GMT	7bd19-60db4242f7e07	507161
eng	fra	Harrap's Capital English/French	https://stardict.uber.space/babylon/french/stardict-Harrap_s_Business_English_Fren-2.4.2.tar.bz2		2.4.2	Sat, 30 Dec 2023 06:20:12 GMT	fc3b2-60db4242fa517	1033138
fra	eng	Harrap's Capital Français/Anglais	https://stardict.uber.space/babylon/french/stardict-Harrap_s_Business_fran_ais_ang-2.4.2.tar.bz2		2.4.2	Sat, 30 Dec 2023 06:20:12 GMT	104b5f-60db4242fd00e	1067871
fra	fra	Larousse Multidico (citations)	https://stardict.uber.space/babylon/french/stardict-Lar_Illico_Mult_citations-2.4.2.tar.bz2		2.4.2	Sat, 30 Dec 2023 06:20:12 GMT	1d6e8f-60db424300e8e	1928847
fra	fra	Larousse Multidico (conjugaisons)	https://stardict.uber.space/babylon/french/stardict-Lar_Illico_Mult_conjtables_conjugaison-2.4.2.tar.bz2		2.4.2	Sat, 30 Dec 2023 06:20:12 GMT	5133db-60db42430aacc	5321691
fra	fra	Larousse Multidico (difficultés)	https://stardict.uber.space/babylon/french/stardict-Lar_Illico_Mult_difficultes-2.4.2.tar.bz2		2.4.2	Sat, 30 Dec 2023 06:20:12 GMT	12daa3-60db42430d5c4	1235619
fra	fra	Larousse Multidico (homonymes)	https://stardict.uber.space/babylon/french/stardict-Lar_Illico_Mult_homonymes-2.4.2.tar.bz2		2.4.2	Sat, 30 Dec 2023 06:20:12 GMT	6929c-60db42430e94b	430748
fra	fra	Larousse Multidico (synonymes)	https://stardict.uber.space/babylon/french/stardict-Lar_Illico_Mult_synonymes-2.4.2.tar.bz2		2.4.2	Sat, 30 Dec 2023 06:20:12 GMT	2a5626-60db42431376b	2774566
eng	fra	Larousse Chambers English-French	https://stardict.uber.space/babylon/french/stardict-Larousse_Chambers_English_Fren-2.4.2.tar.bz2		2.4.2	Sat, 30 Dec 2023 06:20:12 GMT	86b04d-60db424340624	8826957
fra	eng	Larousse Chambers français-anglais	https://stardict.uber.space/babylon/french/stardict-Larousse_Chambers_fran_ais_ang-2.4.2.tar.bz2		2.4.2	Sat, 30 Dec 2023 06:20:12 GMT	716b5a-60db424350bd9	7433050
fra	fra	Larousse Compact (définitions)	https://stardict.uber.space/babylon/french/stardict-Larousse_Compact__d_finitions_-2.4.2.tar.bz2		2.4.2	Sat, 30 Dec 2023 06:20:13 GMT	46ffb5-60db42435f24f	4652981
fra	fra	Larousse Compact (difficultés)	https://stardict.uber.space/babylon/french/stardict-Larousse_Compact__difficult_s_-2.4.2.tar.bz2		2.4.2	Sat, 30 Dec 2023 06:20:13 GMT	b150f-60db4243686bd	726287
eng	fra	Larousse Compact English-French	https://stardict.uber.space/babylon/french/stardict-Larousse_Compact_English_Frenc-2.4.2.tar.bz2		2.4.2	Sat, 30 Dec 2023 06:20:13 GMT	20251e-60db424355de0	2106654
fra	eng	Larousse Compact francais-anglais	https://stardict.uber.space/babylon/french/stardict-Larousse_Compact_francais_angl-2.4.2.tar.bz2		2.4.2	Sat, 30 Dec 2023 06:20:13 GMT	21ebb1-60db424378c73	2223025
fra	fra	Larousse Compact (synonymes)	https://stardict.uber.space/babylon/french/stardict-Larousse_Compact__synonymes_-2.4.2.tar.bz2		2.4.2	Sat, 30 Dec 2023 06:20:13 GMT	1adb67-60db42436b985	1760103
fra	fra	Larousse Multidico	https://stardict.uber.space/babylon/french/stardict-Larousse_Multidico-2.4.2.tar.bz2		2.4.2	Sat, 30 Dec 2023 06:20:13 GMT	1235af1-60db4243b4971	19094257
fra	fra	Méhrpooya Assistant de Conjuguer (Version Finale)	https://stardict.uber.space/babylon/french/stardict-Mehrpooya_Assistant_de_Conjuga-2.4.2.tar.bz2		2.4.2	Sat, 30 Dec 2023 06:20:13 GMT	22ed94-60db4243b7c39	2289044
fra	fra	Petit Robert 2003	https://stardict.uber.space/babylon/french/stardict-PetitRobert2003_v4-2.4.2.tar.bz2		2.4.2	Sat, 30 Dec 2023 06:20:13 GMT	9e32e0-60db4243fd576	10367712
fra	fra	Petit Robert 2007	https://stardict.uber.space/babylon/french/stardict-PetitRobert2007_1.1-2.4.2.tar.bz2		2.4.2	Sat, 30 Dec 2023 06:20:13 GMT	1a30281-60db424423ea0	27460225
fra	fra	The best Glossary by Kelkouli Rédha	https://stardict.uber.space/babylon/french/stardict-The_best_Glossary_by_Kelkouli_-2.4.2.tar.bz2		2.4.2	Sat, 30 Dec 2023 06:20:13 GMT	3815d3-60db424428cbf	3675603
eng	tur	Baydaş_Medikal Terimler 2004	https://stardict.uber.space/babylon/medical/stardict-babylon-Bayda__Medikal_Terimler_2004-2.4.2.tar.bz2		2.4.2	Sat, 30 Dec 2023 06:20:18 GMT	c2049-60db4248c56a5	794697
eng	eng	Dictionary of Medicine (Shahram)	https://stardict.uber.space/babylon/medical/stardict-babylon-Dictionary_of_Medicine__Shahra-2.4.2.tar.bz2		2.4.2	Sat, 30 Dec 2023 06:20:18 GMT	66a4b-60db4248c6645	420427
eng	eng	Drug information	https://stardict.uber.space/babylon/medical/stardict-babylon-Drug_information-2.4.2.tar.bz2		2.4.2	Sat, 30 Dec 2023 06:20:18 GMT	2ffbb-60db4248c6e15	196539
eng	spa	Medciclopedia	https://stardict.uber.space/babylon/medical/stardict-babylon-Medciclopedia-2.4.2.tar.bz2		2.4.2	Sat, 30 Dec 2023 06:20:18 GMT	183c8d-60db4248c913d	1588365
eng	ara	Medicine English-Arabic	https://stardict.uber.space/babylon/medical/stardict-babylon-Medicine_English_Arabic-2.4.2.tar.bz2		2.4.2	Sat, 30 Dec 2023 06:20:18 GMT	1a6d6d-60db4248cb84c	1731949
eng	zho	Pharmaceutical terms	https://stardict.uber.space/babylon/medical/stardict-babylon-Pharmaceutical_terms-2.4.2.tar.bz2		2.4.2	Sat, 30 Dec 2023 06:20:18 GMT	96bb-60db4248cb84c	38587
eng	eng	Wikipedia English - Free Encyclopedia	https://stardict.uber.space/babylon/misc/stardict-Wikipedia.English.for.Babylon-2.4.2.tar.bz2		2.4.2			
eng	eng	Prehistoric World Images	https://stardict.uber.space/babylon/misc/stardict-Prehistoric_World_Images-2.4.2.tar.bz2		2.4.2	Sat, 30 Dec 2023 06:20:18 GMT	bb759-60db4248ccfbc	767833
eng	ind	Mas_NDon English Indonesian Dictionary	https://stardict.uber.space/babylon/misc/stardict-babylon-Mas_NDon_English_Indonesian-2.4.2.tar.bz2		2.4.2	Sat, 30 Dec 2023 06:20:21 GMT	1eebbe-60db424bb97d6	2026430
ind	eng	Mas_NDon Indonesian to English Dictionary	https://stardict.uber.space/babylon/misc/stardict-babylon-Mas_NDon_Indonesian_to_Engli-2.4.2.tar.bz2		2.4.2	Sat, 30 Dec 2023 06:20:21 GMT	14fa46-60db424bbaf46	1374790
eng	ind	Balifolder.com	https://stardict.uber.space/babylon/misc/stardict-babylon-Balifolder_com-2.4.2.tar.bz2		2.4.2	Sat, 30 Dec 2023 06:20:21 GMT	85835-60db424ba99f1	546869
eng	ind	Indonesian-English Online Dictionaries	https://stardict.uber.space/babylon/misc/stardict-babylon-Indonesian_English_Online_Dict-2.4.2.tar.bz2		2.4.2	Sat, 30 Dec 2023 06:20:21 GMT	538da-60db424bb70c6	342234
eng	per	hFarsi - advanced version	https://stardict.uber.space/babylon/misc/stardict-babylon-En_to_Fa_hFarsi_advanced-2.4.2.tar.bz2		2.4.2	Sat, 30 Dec 2023 06:20:21 GMT	a3a024-60db424bb3dff	10723364
per	eng	HmT - Persian to English Glossary	https://stardict.uber.space/babylon/misc/stardict-babylon-Fa_to_En_HmT-2.4.2.tar.bz2		2.4.2	Sat, 30 Dec 2023 06:20:21 GMT	19ca05-60db424bb5d3f	1690117
per	eng	Ourstat - Farsi to English Dictionary	https://stardict.uber.space/babylon/misc/stardict-babylon-Fa_to_En_Ourstat-2.4.2.tar.bz2		2.4.2	Sat, 30 Dec 2023 06:20:21 GMT	9c907-60db424bb68f7	641287
swe	per	Swedish - Persian (Majid Tafarroji)	https://stardict.uber.space/babylon/misc/stardict-babylon-Swedish_Persian_Majid_Tafar-2.4.2.tar.bz2		2.4.2	Sat, 30 Dec 2023 06:20:21 GMT	1536f8-60db424bbca9e	1390328
deu	bel	deutsch mova.org	https://stardict.uber.space/mova.org/stardict-dictd_www.mova.org_deutsch-2.4.2.tar.bz2		2.4.2	Sat, 30 Dec 2023 06:20:36 GMT	497ac-60db42596bf26	300972
eng	bel	engcom mova.org	https://stardict.uber.space/mova.org/stardict-dictd_www.mova.org_engcom-2.4.2.tar.bz2		2.4.2	Sat, 30 Dec 2023 06:20:36 GMT	1fd6d-60db42596c30e	130413
eng	rus	geology_enru mova.org	https://stardict.uber.space/mova.org/stardict-dictd_www.mova.org_geology_enru-2.4.2.tar.bz2		2.4.2	Sat, 30 Dec 2023 06:20:36 GMT	ce87-60db42596cec6	52871
rus	eng	geology_ruen mova.org	https://stardict.uber.space/mova.org/stardict-dictd_www.mova.org_geology_ruen-2.4.2.tar.bz2		2.4.2	Sat, 30 Dec 2023 06:20:36 GMT	c4a2-60db42596d2ae	50338
bel	bel	idioms mova.org	https://stardict.uber.space/mova.org/stardict-dictd_www.mova.org_idioms-2.4.2.tar.bz2		2.4.2	Sat, 30 Dec 2023 06:20:36 GMT	6f83-60db42596d2ae	28547
eng	rus	korolew_enru mova.org	https://stardict.uber.space/mova.org/stardict-dictd_www.mova.org_korolew_enru-2.4.2.tar.bz2		2.4.2	Sat, 30 Dec 2023 06:20:36 GMT	1d8d2d-60db42596f1ee	1936685
rus	eng	korolew_ruen mova.org	https://stardict.uber.space/mova.org/stardict-dictd_www.mova.org_korolew_ruen-2.4.2.tar.bz2		2.4.2	Sat, 30 Dec 2023 06:20:36 GMT	20cfab-60db425971515	2150315
eng	rus	mech mova.org	https://stardict.uber.space/mova.org/stardict-dictd_www.mova.org_mech-2.4.2.tar.bz2		2.4.2	Sat, 30 Dec 2023 06:20:36 GMT	151b8-60db4259718fd	86456
rus	rus	ozhegov mova.org	https://stardict.uber.space/mova.org/stardict-dictd_www.mova.org_ozhegov-2.4.2.tar.bz2		2.4.2	Sat, 30 Dec 2023 06:20:36 GMT	2bfcb8-60db4259743f5	2882744
eng	rus	sinyagin_general_er mova.org	https://stardict.uber.space/mova.org/stardict-dictd_www.mova.org_sinyagin_general_er-2.4.2.tar.bz2		2.4.2	Sat, 30 Dec 2023 06:20:36 GMT	8dacb-60db4259776bc	580299
rus	eng	sinyagin_general_re mova.org	https://stardict.uber.space/mova.org/stardict-dictd_www.mova.org_sinyagin_general_re-2.4.2.tar.bz2		2.4.2	Sat, 30 Dec 2023 06:20:36 GMT	84bc5-60db425977e8c	543685
bel	eng	slovnyk_be-en mova.org	https://stardict.uber.space/mova.org/stardict-dictd_www.mova.org_slovnyk_be-en-2.4.2.tar.bz2		2.4.2	Sat, 30 Dec 2023 06:20:36 GMT	270fd-60db425978274	159997
bel	pol	slovnyk_be-pl mova.org	https://stardict.uber.space/mova.org/stardict-dictd_www.mova.org_slovnyk_be-pl-2.4.2.tar.bz2		2.4.2	Sat, 30 Dec 2023 06:20:36 GMT	d5f2-60db42597865c	54770
bel	rus	slovnyk_be-ru mova.org	https://stardict.uber.space/mova.org/stardict-dictd_www.mova.org_slovnyk_be-ru-2.4.2.tar.bz2		2.4.2	Sat, 30 Dec 2023 06:20:36 GMT	2d79d-60db425978a44	186269
bel	ukr	slovnyk_be-uk mova.org	https://stardict.uber.space/mova.org/stardict-dictd_www.mova.org_slovnyk_be-uk-2.4.2.tar.bz2		2.4.2	Sat, 30 Dec 2023 06:20:36 GMT	299bd-60db425978e2c	170429
eng	bel	slovnyk_en-be mova.org	https://stardict.uber.space/mova.org/stardict-dictd_www.mova.org_slovnyk_en-be-2.4.2.tar.bz2		2.4.2	Sat, 30 Dec 2023 06:20:36 GMT	38e21-60db4259795fc	232993
eng	pol	slovnyk_en-pl mova.org	https://stardict.uber.space/mova.org/stardict-dictd_www.mova.org_slovnyk_en-pl-2.4.2.tar.bz2		2.4.2	Sat, 30 Dec 2023 06:20:36 GMT	5d7e1-60db425979dcc	382945
eng	rus	slovnyk_en-ru mova.org	https://stardict.uber.space/mova.org/stardict-dictd_www.mova.org_slovnyk_en-ru-2.4.2.tar.bz2		2.4.2	Sat, 30 Dec 2023 06:20:36 GMT	161985-60db42597bd0c	1448325
eng	ukr	slovnyk_en-uk mova.org	https://stardict.uber.space/mova.org/stardict-dictd_www.mova.org_slovnyk_en-uk-2.4.2.tar.bz2		2.4.2	Sat, 30 Dec 2023 06:20:36 GMT	155e7a-60db42597d863	1400442
pol	bel	slovnyk_pl-be mova.org	https://stardict.uber.space/mova.org/stardict-dictd_www.mova.org_slovnyk_pl-be-2.4.2.tar.bz2		2.4.2	Sat, 30 Dec 2023 06:20:36 GMT	12788-60db42597dc4b	75656
pol	eng	slovnyk_pl-en mova.org	https://stardict.uber.space/mova.org/stardict-dictd_www.mova.org_slovnyk_pl-en-2.4.2.tar.bz2		2.4.2	Sat, 30 Dec 2023 06:20:36 GMT	697a0-60db42597e41b	432032
pol	rus	slovnyk_pl-ru mova.org	https://stardict.uber.space/mova.org/stardict-dictd_www.mova.org_slovnyk_pl-ru-2.4.2.tar.bz2		2.4.2	Sat, 30 Dec 2023 06:20:36 GMT	b808c-60db42597fb8b	753804
pol	ukr	slovnyk_pl-uk mova.org	https://stardict.uber.space/mova.org/stardict-dictd_www.mova.org_slovnyk_pl-uk-2.4.2.tar.bz2		2.4.2	Sat, 30 Dec 2023 06:20:36 GMT	b0a2b-60db425980743	723499
rus	bel	slovnyk_ru-be mova.org	https://stardict.uber.space/mova.org/stardict-dictd_www.mova.org_slovnyk_ru-be-2.4.2.tar.bz2		2.4.2	Sat, 30 Dec 2023 06:20:36 GMT	38766-60db425980b2b	231270
rus	eng	slovnyk_ru-en mova.org	https://stardict.uber.space/mova.org/stardict-dictd_www.mova.org_slovnyk_ru-en-2.4.2.tar.bz2		2.4.2	Sat, 30 Dec 2023 06:20:36 GMT	136120-60db42598229b	1270048
rus	pol	slovnyk_ru-pl mova.org	https://stardict.uber.space/mova.org/stardict-dictd_www.mova.org_slovnyk_ru-pl-2.4.2.tar.bz2		2.4.2	Sat, 30 Dec 2023 06:20:36 GMT	bf6b3-60db425982e52	784051
rus	ukr	slovnyk_ru-uk mova.org	https://stardict.uber.space/mova.org/stardict-dictd_www.mova.org_slovnyk_ru-uk-2.4.2.tar.bz2		2.4.2	Sat, 30 Dec 2023 06:20:36 GMT	6e0c9f-60db4259897c9	7212191
ukr	bel	slovnyk_uk-be mova.org	https://stardict.uber.space/mova.org/stardict-dictd_www.mova.org_slovnyk_uk-be-2.4.2.tar.bz2		2.4.2	Sat, 30 Dec 2023 06:20:36 GMT	34d8f-60db425989bb1	216463
ukr	eng	slovnyk_uk-en mova.org	https://stardict.uber.space/mova.org/stardict-dictd_www.mova.org_slovnyk_uk-en-2.4.2.tar.bz2		2.4.2	Sat, 30 Dec 2023 06:20:36 GMT	12a83a-60db42598af39	1222714
ukr	pol	slovnyk_uk-pl mova.org	https://stardict.uber.space/mova.org/stardict-dictd_www.mova.org_slovnyk_uk-pl-2.4.2.tar.bz2		2.4.2	Sat, 30 Dec 2023 06:20:36 GMT	af272-60db42598baf1	717426
ukr	rus	slovnyk_uk-ru mova.org	https://stardict.uber.space/mova.org/stardict-dictd_www.mova.org_slovnyk_uk-ru-2.4.2.tar.bz2		2.4.2	Sat, 30 Dec 2023 06:20:36 GMT	6bdac5-60db425992468	7068357
eng	rus	sokrat_enru mova.org	https://stardict.uber.space/mova.org/stardict-dictd_www.mova.org_sokrat_enru-2.4.2.tar.bz2		2.4.2	Sat, 30 Dec 2023 06:20:36 GMT	10ffd0-60db425993bd8	1114064
rus	eng	sokrat_ruen mova.org	https://stardict.uber.space/mova.org/stardict-dictd_www.mova.org_sokrat_ruen-2.4.2.tar.bz2		2.4.2	Sat, 30 Dec 2023 06:20:36 GMT	ea555-60db425994b78	959829
swe	bel	swedish mova.org	https://stardict.uber.space/mova.org/stardict-dictd_www.mova.org_swedish-2.4.2.tar.bz2		2.4.2	Sat, 30 Dec 2023 06:20:36 GMT	3e20c-60db425994f60	254476
bel	bel	teo mova.org	https://stardict.uber.space/mova.org/stardict-dictd_www.mova.org_teo-2.4.2.tar.bz2		2.4.2	Sat, 30 Dec 2023 06:20:36 GMT	8cfd6-60db425995b17	577494
rus	rus	ushakov mova.org	https://stardict.uber.space/mova.org/stardict-dictd_www.mova.org_ushakov-2.4.2.tar.bz2		2.4.2	Sat, 30 Dec 2023 06:20:36 GMT	7debc4-60db42599d046	8252356
